{
  "name": "test",
  "groups": [
    { "key": "flowableUser", "name": "Flowable User" },
    { "key": "flowableAdministrator", "name": "Flowable Administrator" },
    { "key": "engageChatbot", "name": "Engage Chatbot" },
    { "key": "engageConversationActions", "name": "Engage Conversation Actions" },
    { "key": "client", "name": "Client", "tags": [ "participantSelection" ] },
    { "key": "clientLookup", "name": "Client", "tags": [ "participantSelection" ] },
    { "key": "externalUser", "name": "External User" },
    { "key": "employee", "name": "Employee", "tags": [ "participantSelection" ] },
    { "key": "employeeLookup", "name": "Employee", "tags": [ "participantSelection" ] },
    { "key": "clientAdvisor", "name": "Client Advisor", "tags": [ "participantSelection" ] },
    { "key": "userOperator", "name": "Operation Admin" },
    { "key": "reporting", "name": "Reporting" },
    { "key": "complianceOfficer", "name": "Compliance Officer" },
    { "key": "systemSupporter", "name": "System Supporter"}
  ],
  "users": [
    {
      "firstName": "Digital",
      "lastName": "Assistant",
      "login": "digital.assistant",
      "email": "digital-assistant@ubs.com",
      "description": "Digital Assistant",
      "language": "en",
      "type": "bot",
      "theme": "ubs",
      "memberGroups": [
        "engageChatbot"
      ],
      "userDefinitionKey": "user-default"
    },
    {
      "firstName": "Digital",
      "lastName": "Assistant (AI)",
      "login": "ai.bot",
      "email": "ai.bot@ubs.com",
      "description": "Digital Assistant (AI)",
      "language": "en",
      "type": "bot",
      "theme": "ubs",
      "memberGroups": [
        "engageChatbot"
      ],
      "userDefinitionKey": "user-default"
    },
    {
      "firstName": "Chat",
      "lastName": "Bot",
      "login": "chat.bot",
      "email": "sh-dci-messaging-testing@ubs.com",

      "description": "AI Chat Bot",

      "language": "en",
      "theme": "ubs",
      "memberGroups": [
        "engageChatbot"
      ],
      "userDefinitionKey": "user-default"
    },
    {
      "firstName": "Engagement",
      "lastName": "Admin",
      "login": "engagement-admin",
      "email": "sh-dci-messaging-testing@ubs.com",
      "language": "en",
      "theme": "ubs",
      "userDefinitionKey": "user-admin"
    }
  ]
}