<?xml version="1.0" encoding="UTF-8"?>
<definitions xmlns="http://www.omg.org/spec/BPMN/20100524/MODEL" xmlns:bpmndi="http://www.omg.org/spec/BPMN/20100524/DI"
             xmlns:edoras="http://www.edorasware.com/schema/bpmn" xmlns:edoras-vis="http://www.edorasware.com/schema/vis"
             xmlns:flowable="http://flowable.org/bpmn" xmlns:omgdc="http://www.omg.org/spec/DD/20100524/DC" xmlns:omgdi="http://www.omg.org/spec/DD/20100524/DI"
             xmlns:signavio="http://www.signavio.com" xmlns:xsi="http://www.w3.org/2001/XMLSchema-instance" exporter="6.3.0-SNAPSHOT"
             exporterVersion="6.3.0-SNAPSHOT" targetNamespace="http://www.edorasware.com"
             xsi:schemaLocation="http://www.omg.org/spec/BPMN/20100524/MODEL http://www.omg.org/spec/BPMN/2.0/20100501/BPMN20.xsd http://www.omg.org/spec/BPMN/20100524/DI http://www.omg.org/spec/BPMN/2.0/20100501/BPMNDI.xsd http://www.omg.org/spec/DD/20100524/DC http://www.omg.org/spec/BPMN/2.0/20100501/DC.xsd http://www.omg.org/spec/DD/20100524/DI http://www.omg.org/spec/BPMN/2.0/20100501/DI.xsd http://www.edorasware.com/schema/bpmn http://www.edorasware.com/schema/bpmn/edoras-bpmn-extensions-3.0.2.xsd http://www.edorasware.com/schema/vis http://www.edorasware.com/schema/vis/edoras-vis-extensions-2.0.0.xsd">
    <process id="P012-subAddParticipant" isExecutable="true">
        <extensionElements>
            <edoras:property key="guid" value="PROCESS_MODEL-50fb3945-2abd-438b-a0f9-f67b423c8366"/>
            <edoras:property key="actions" value=""/>
            <edoras-vis:property key="process_id" value="P012-subAddParticipant"/>
            <edoras-vis:property key="creationdate" value=""/>
            <edoras-vis:property key="notes" value=""/>
            <edoras-vis:property key="labelexpression" value=""/>
            <edoras-vis:property key="isexecutable" value="false"/>
            <edoras-vis:property key="fontsize" value=""/>
            <edoras-vis:property key="language" value="English"/>
            <edoras-vis:property key="genericproperty" value=""/>
            <edoras-vis:property key="stencilsuperids" value="[&quot;BPMNDiagram&quot;]"/>
            <edoras-vis:property key="name_en_us" value=""/>
            <edoras-vis:property key="fontweight" value=""/>
            <edoras-vis:property key="fontstyle" value=""/>
            <edoras-vis:property key="documentation_i18n-key" value=""/>
            <edoras-vis:property key="fontcolor" value=""/>
            <edoras-vis:property key="stencilsuperid" value="BPMNDiagram"/>
            <edoras-vis:property key="id" value="P012-subAddParticipant"/>
            <edoras-vis:property key="name_i18n-key" value=""/>
            <edoras-vis:property key="stencilid" value="BPMNDiagram"/>
            <edoras-vis:property key="customstencil" value="false"/>
            <edoras-vis:property key="author" value=""/>
            <edoras-vis:property key="documentation" value=""/>
            <edoras-vis:property key="modificationdate" value=""/>
            <edoras-vis:property key="version" value=""/>
            <edoras-vis:property key="bordercolor" value=""/>
            <edoras-vis:property key="oldresourceid" value=""/>
            <edoras-vis:property key="bgcolor" value=""/>
            <edoras-vis:property key="xmltag" value="BPMNDiagram"/>
            <edoras-vis:property key="isprocessexecutable" value="true"/>
            <edoras-vis:property key="name" value="DCI-P012 Subprocess add participant"/>
            <edoras-vis:property key="guid" value="PROCESS_MODEL-d9813032-75a2-4e4f-9c75-9512c1000b00"/>
            <edoras-vis:property key="documentation_en_us" value=""/>
            <edoras-vis:property key="actions" value=""/>
            <edoras-vis:property key="namespaces" value=""/>
        </extensionElements>
        <laneSet id="laneSet1">
            <lane id="cloudlane1">
                <extensionElements>
                    <signavio:signavioLabel ref="text_name"
                                            styles="{&quot;size&quot;:&quot;12&quot;,&quot;bold&quot;:false,&quot;fill&quot;:&quot;#000000&quot;,&quot;italic&quot;:false}"/>
                    <edoras:property key="i18n.en.name" value=""/>
                    <edoras:property key="orientation" value="horizontal"/>
                    <edoras-vis:property key="notes" value=""/>
                    <edoras-vis:property key="fontsize" value=""/>
                    <edoras-vis:property key="owner-run" value=""/>
                    <edoras-vis:property key="genericproperty" value=""/>
                    <edoras-vis:property key="candidategroups" value=""/>
                    <edoras-vis:property key="stencilsuperids" value="[&quot;Lane&quot;]"/>
                    <edoras-vis:property key="showcaption" value="true"/>
                    <edoras-vis:property key="name_en_us" value=""/>
                    <edoras-vis:property key="candidateusers-run" value=""/>
                    <edoras-vis:property key="fontweight" value=""/>
                    <edoras-vis:property key="fontstyle" value=""/>
                    <edoras-vis:property key="candidategroups-run" value=""/>
                    <edoras-vis:property key="fontcolor" value=""/>
                    <edoras-vis:property key="stencilsuperid" value="Lane"/>
                    <edoras-vis:property key="id" value="cloudlane1"/>
                    <edoras-vis:property key="name_i18n-key" value=""/>
                    <edoras-vis:property key="owner" value=""/>
                    <edoras-vis:property key="stencilid" value="cloudlane"/>
                    <edoras-vis:property key="orientation" value="horizontal"/>
                    <edoras-vis:property key="parentlane" value=""/>
                    <edoras-vis:property key="customstencil" value="true"/>
                    <edoras-vis:property key="documentation" value=""/>
                    <edoras-vis:property key="name-run" value=""/>
                    <edoras-vis:property key="name_en_us-run" value=""/>
                    <edoras-vis:property key="assignee-run" value=""/>
                    <edoras-vis:property key="customnamespace" value="http://b3mn.org/stencilset/default.flowable.process.palette.xml#"/>
                    <edoras-vis:property key="bordercolor" value="#C0C0C0"/>
                    <edoras-vis:property key="candidateusers" value=""/>
                    <edoras-vis:property key="parentpool" value=""/>
                    <edoras-vis:property key="oldresourceid" value=""/>
                    <edoras-vis:property key="bgcolor" value="#ffffff"/>
                    <edoras-vis:property key="customstencilid" value="cloudlane"/>
                    <edoras-vis:property key="xmltag" value="Lane"/>
                    <edoras-vis:property key="name" value=""/>
                    <edoras-vis:property key="assignee" value=""/>
                </extensionElements>
                <flowNodeRef>cloudexclusivedatabasedgateway5</flowNodeRef>
                <flowNodeRef>sendJoinConfirmation_servicetask</flowNodeRef>
                <flowNodeRef>sendDeclineInvitation_servicetask</flowNodeRef>
                <flowNodeRef>cloudexclusivedatabasedgateway6</flowNodeRef>
                <flowNodeRef>cloudendnoneevent2</flowNodeRef>
                <flowNodeRef>InitVariableTask6</flowNodeRef>
                <flowNodeRef>cloudstartnoneevent2</flowNodeRef>
                <flowNodeRef>cloudmanualtask1</flowNodeRef>
            </lane>
        </laneSet>
        <exclusiveGateway gatewayDirection="Converging" id="cloudexclusivedatabasedgateway5">
            <extensionElements>
                <signavio:signavioLabel ref="text_name"
                                        styles="{&quot;size&quot;:&quot;12&quot;,&quot;bold&quot;:false,&quot;fill&quot;:&quot;#000000&quot;,&quot;italic&quot;:false}"/>
                <edoras:property key="i18n.en.name" value=""/>
                <edoras-vis:property key="notes" value=""/>
                <edoras-vis:property key="markervisible" value="true"/>
                <edoras-vis:property key="sequencefloworder" value=""/>
                <edoras-vis:property key="xortype" value=""/>
                <edoras-vis:property key="fontsize" value=""/>
                <edoras-vis:property key="genericproperty" value=""/>
                <edoras-vis:property key="stencilsuperids" value="[&quot;Exclusive_Databased_Gateway&quot;]"/>
                <edoras-vis:property key="name_en_us" value=""/>
                <edoras-vis:property key="fontweight" value=""/>
                <edoras-vis:property key="fontstyle" value=""/>
                <edoras-vis:property key="fontcolor" value=""/>
                <edoras-vis:property key="exclusive" value="true"/>
                <edoras-vis:property key="stencilsuperid" value="Exclusive_Databased_Gateway"/>
                <edoras-vis:property key="categories" value=""/>
                <edoras-vis:property key="id" value="cloudexclusivedatabasedgateway5"/>
                <edoras-vis:property key="name_i18n-key" value=""/>
                <edoras-vis:property key="stencilid" value="cloudexclusivedatabasedgateway"/>
                <edoras-vis:property key="gatewaytype" value=""/>
                <edoras-vis:property key="gate_assignments" value=""/>
                <edoras-vis:property key="customstencil" value="true"/>
                <edoras-vis:property key="documentation" value=""/>
                <edoras-vis:property key="name-run" value=""/>
                <edoras-vis:property key="name_en_us-run" value=""/>
                <edoras-vis:property key="customnamespace" value="http://b3mn.org/stencilset/default.flowable.process.palette.xml#"/>
                <edoras-vis:property key="bordercolor" value="#000000"/>
                <edoras-vis:property key="defaultgate" value=""/>
                <edoras-vis:property key="oldresourceid" value=""/>
                <edoras-vis:property key="bgcolor" value="#ffffff"/>
                <edoras-vis:property key="customstencilid" value="cloudexclusivedatabasedgateway"/>
                <edoras-vis:property key="xmltag" value="Exclusive_Databased_Gateway"/>
                <edoras-vis:property key="name" value=""/>
                <edoras-vis:property key="gate_outgoingsequenceflow" value=""/>
            </extensionElements>
        </exclusiveGateway>
        <serviceTask flowable:async="false" flowable:expression="#{clientUserOnboardingService.addParticipant(participantId, conversationId)}"
                     id="sendJoinConfirmation_servicetask" name="join participant">
            <extensionElements>
                <flowable:field expression="false" name="disablesecurity"/>
                <signavio:signavioLabel ref="text_name"
                                        styles="{&quot;size&quot;:&quot;12&quot;,&quot;bold&quot;:false,&quot;fill&quot;:&quot;#000000&quot;,&quot;italic&quot;:false}"/>
                <edoras:property key="i18n.en.name" value="join participant"/>
                <edoras-vis:property key="callacitivity" value="false"/>
                <edoras-vis:property key="notes" value=""/>
                <edoras-vis:property key="looptype" value="None"/>
                <edoras-vis:property key="classfields" value=""/>
                <edoras-vis:property key="completioncondition" value=""/>
                <edoras-vis:property key="fontsize" value=""/>
                <edoras-vis:property key="loopelementindexvariable" value="loopCounter"/>
                <edoras-vis:property key="genericproperty" value=""/>
                <edoras-vis:property key="loopcardinality" value=""/>
                <edoras-vis:property key="stencilsuperids" value="[&quot;Task&quot;,&quot;ServiceTask&quot;]"/>
                <edoras-vis:property key="name_en_us" value="join participant"/>
                <edoras-vis:property key="resultvariable" value=""/>
                <edoras-vis:property key="fontweight" value=""/>
                <edoras-vis:property key="fontstyle" value=""/>
                <edoras-vis:property key="fontcolor" value=""/>
                <edoras-vis:property key="exclusive" value="true"/>
                <edoras-vis:property key="stencilsuperid" value="ServiceTask"/>
                <edoras-vis:property key="categories" value=""/>
                <edoras-vis:property key="disablesecurity" value="false"/>
                <edoras-vis:property key="id" value="sendJoinConfirmation_servicetask"/>
                <edoras-vis:property key="skipexpression" value=""/>
                <edoras-vis:property key="class" value=""/>
                <edoras-vis:property key="name_i18n-key" value=""/>
                <edoras-vis:property key="stencilid" value="cloudservicetask"/>
                <edoras-vis:property key="expression" value="#{clientUserOnboardingService.addParticipant(participantId, conversationId)}"/>
                <edoras-vis:property key="tasktype" value="Service"/>
                <edoras-vis:property key="customstencil" value="true"/>
                <edoras-vis:property key="documentation" value=""/>
                <edoras-vis:property key="loopcollection" value=""/>
                <edoras-vis:property key="name-run" value=""/>
                <edoras-vis:property key="name_en_us-run" value=""/>
                <edoras-vis:property key="customnamespace" value="http://b3mn.org/stencilset/default.flowable.process.palette.xml#"/>
                <edoras-vis:property key="bordercolor" value="#000000"/>
                <edoras-vis:property key="delegateexpression" value=""/>
                <edoras-vis:property key="async" value="false"/>
                <edoras-vis:property key="oldresourceid" value=""/>
                <edoras-vis:property key="bgcolor" value="#ffffff"/>
                <edoras-vis:property key="customstencilid" value="cloudservicetask"/>
                <edoras-vis:property key="xmltag" value="ServiceTask"/>
                <edoras-vis:property key="loopelementvariable" value=""/>
                <edoras-vis:property key="name" value="join participant"/>
                <edoras-vis:property key="guid" value="GEAR-d19dfde4-3ba6-4bea-9909-ad7127b996b8"/>
                <edoras-vis:property key="isforcompensation" value="false"/>
                <edoras-vis:property key="properties" value=""/>
            </extensionElements>
        </serviceTask>
        <serviceTask flowable:async="false"
                     flowable:expression="#{conversationsFn.sendMessage(conversationId, bot, template:createMessage('noAccessMessage',mapOf('userName', userName)))}"
                     id="sendDeclineInvitation_servicetask" name="send decline message">
            <extensionElements>
                <flowable:field expression="false" name="disablesecurity"/>
                <signavio:signavioLabel ref="text_name"
                                        styles="{&quot;size&quot;:&quot;12&quot;,&quot;bold&quot;:false,&quot;fill&quot;:&quot;#000000&quot;,&quot;italic&quot;:false}"/>
                <edoras:property key="i18n.en.name" value="send decline message"/>
                <edoras-vis:property key="callacitivity" value="false"/>
                <edoras-vis:property key="notes" value=""/>
                <edoras-vis:property key="looptype" value="None"/>
                <edoras-vis:property key="classfields" value=""/>
                <edoras-vis:property key="completioncondition" value=""/>
                <edoras-vis:property key="fontsize" value=""/>
                <edoras-vis:property key="loopelementindexvariable" value="loopCounter"/>
                <edoras-vis:property key="genericproperty" value=""/>
                <edoras-vis:property key="loopcardinality" value=""/>
                <edoras-vis:property key="stencilsuperids" value="[&quot;Task&quot;,&quot;ServiceTask&quot;]"/>
                <edoras-vis:property key="name_en_us" value="send decline message"/>
                <edoras-vis:property key="resultvariable" value=""/>
                <edoras-vis:property key="fontweight" value=""/>
                <edoras-vis:property key="fontstyle" value=""/>
                <edoras-vis:property key="fontcolor" value=""/>
                <edoras-vis:property key="exclusive" value="true"/>
                <edoras-vis:property key="stencilsuperid" value="ServiceTask"/>
                <edoras-vis:property key="categories" value=""/>
                <edoras-vis:property key="disablesecurity" value="false"/>
                <edoras-vis:property key="id" value="sendDeclineInvitation_servicetask"/>
                <edoras-vis:property key="skipexpression" value=""/>
                <edoras-vis:property key="class" value=""/>
                <edoras-vis:property key="name_i18n-key" value=""/>
                <edoras-vis:property key="stencilid" value="cloudservicetask"/>
                <edoras-vis:property key="expression"
                                     value="#{conversationsFn.sendMessage(conversationId, bot, template:createMessage('noAccessMessage',mapOf('userName', userName)))}"/>
                <edoras-vis:property key="tasktype" value="Service"/>
                <edoras-vis:property key="customstencil" value="true"/>
                <edoras-vis:property key="documentation" value=""/>
                <edoras-vis:property key="loopcollection" value=""/>
                <edoras-vis:property key="name-run" value=""/>
                <edoras-vis:property key="name_en_us-run" value=""/>
                <edoras-vis:property key="customnamespace" value="http://b3mn.org/stencilset/default.flowable.process.palette.xml#"/>
                <edoras-vis:property key="bordercolor" value="#000000"/>
                <edoras-vis:property key="delegateexpression" value=""/>
                <edoras-vis:property key="async" value="false"/>
                <edoras-vis:property key="oldresourceid" value=""/>
                <edoras-vis:property key="bgcolor" value="#ffffff"/>
                <edoras-vis:property key="customstencilid" value="cloudservicetask"/>
                <edoras-vis:property key="xmltag" value="ServiceTask"/>
                <edoras-vis:property key="loopelementvariable" value=""/>
                <edoras-vis:property key="name" value="send decline message"/>
                <edoras-vis:property key="guid" value="GEAR-3d44e534-1056-4f14-a120-badf9bf9e14b"/>
                <edoras-vis:property key="isforcompensation" value="false"/>
                <edoras-vis:property key="properties" value=""/>
            </extensionElements>
        </serviceTask>
        <exclusiveGateway default="cloudsequenceflow25" gatewayDirection="Diverging" id="cloudexclusivedatabasedgateway6" name="User has access?">
            <extensionElements>
                <signavio:signavioLabel ref="text_name" x="-24.1865234375" y="-21.5"/>
                <signavio:signavioLabel ref="text_name"
                                        styles="{&quot;size&quot;:&quot;12&quot;,&quot;bold&quot;:false,&quot;fill&quot;:&quot;#000000&quot;,&quot;italic&quot;:false}"/>
                <edoras:property key="i18n.en.name" value="User has access?"/>
                <edoras-vis:property key="notes" value=""/>
                <edoras-vis:property key="markervisible" value="true"/>
                <edoras-vis:property key="sequencefloworder" value=""/>
                <edoras-vis:property key="xortype" value=""/>
                <edoras-vis:property key="fontsize" value=""/>
                <edoras-vis:property key="genericproperty" value=""/>
                <edoras-vis:property key="stencilsuperids" value="[&quot;Exclusive_Databased_Gateway&quot;]"/>
                <edoras-vis:property key="name_en_us" value="User has access?"/>
                <edoras-vis:property key="fontweight" value=""/>
                <edoras-vis:property key="fontstyle" value=""/>
                <edoras-vis:property key="fontcolor" value=""/>
                <edoras-vis:property key="exclusive" value="true"/>
                <edoras-vis:property key="stencilsuperid" value="Exclusive_Databased_Gateway"/>
                <edoras-vis:property key="categories" value=""/>
                <edoras-vis:property key="id" value="cloudexclusivedatabasedgateway6"/>
                <edoras-vis:property key="name_i18n-key" value=""/>
                <edoras-vis:property key="stencilid" value="cloudexclusivedatabasedgateway"/>
                <edoras-vis:property key="gatewaytype" value=""/>
                <edoras-vis:property key="gate_assignments" value=""/>
                <edoras-vis:property key="customstencil" value="true"/>
                <edoras-vis:property key="documentation" value=""/>
                <edoras-vis:property key="name-run" value=""/>
                <edoras-vis:property key="name_en_us-run" value=""/>
                <edoras-vis:property key="customnamespace" value="http://b3mn.org/stencilset/default.flowable.process.palette.xml#"/>
                <edoras-vis:property key="bordercolor" value="#000000"/>
                <edoras-vis:property key="defaultgate" value=""/>
                <edoras-vis:property key="oldresourceid" value=""/>
                <edoras-vis:property key="bgcolor" value="#ffffff"/>
                <edoras-vis:property key="customstencilid" value="cloudexclusivedatabasedgateway"/>
                <edoras-vis:property key="xmltag" value="Exclusive_Databased_Gateway"/>
                <edoras-vis:property key="name" value="User has access?"/>
                <edoras-vis:property key="gate_outgoingsequenceflow" value=""/>
            </extensionElements>
        </exclusiveGateway>
        <endEvent id="cloudendnoneevent2">
            <extensionElements>
                <signavio:signavioLabel ref="text_name"
                                        styles="{&quot;size&quot;:&quot;12&quot;,&quot;bold&quot;:false,&quot;fill&quot;:&quot;#000000&quot;,&quot;italic&quot;:false}"/>
                <edoras:property key="i18n.en.name" value=""/>
                <edoras-vis:property key="notes" value=""/>
                <edoras-vis:property key="fontsize" value=""/>
                <edoras-vis:property key="genericproperty" value=""/>
                <edoras-vis:property key="stencilsuperids" value="[&quot;EndNoneEvent&quot;]"/>
                <edoras-vis:property key="name_en_us" value=""/>
                <edoras-vis:property key="fontweight" value=""/>
                <edoras-vis:property key="fontstyle" value=""/>
                <edoras-vis:property key="fontcolor" value=""/>
                <edoras-vis:property key="stencilsuperid" value="EndNoneEvent"/>
                <edoras-vis:property key="id" value="cloudendnoneevent2"/>
                <edoras-vis:property key="name_i18n-key" value=""/>
                <edoras-vis:property key="stencilid" value="cloudendnoneevent"/>
                <edoras-vis:property key="customstencil" value="true"/>
                <edoras-vis:property key="documentation" value=""/>
                <edoras-vis:property key="executionlistener" value=""/>
                <edoras-vis:property key="name-run" value=""/>
                <edoras-vis:property key="trigger" value="None"/>
                <edoras-vis:property key="name_en_us-run" value=""/>
                <edoras-vis:property key="customnamespace" value="http://b3mn.org/stencilset/default.flowable.process.palette.xml#"/>
                <edoras-vis:property key="bordercolor" value="#000000"/>
                <edoras-vis:property key="oldresourceid" value=""/>
                <edoras-vis:property key="bgcolor" value="#ffffff"/>
                <edoras-vis:property key="customstencilid" value="cloudendnoneevent"/>
                <edoras-vis:property key="xmltag" value="EndNoneEvent"/>
                <edoras-vis:property key="name" value=""/>
            </extensionElements>
        </endEvent>
        <serviceTask flowable:async="false" flowable:delegateExpression="${processInitVariablesService}" id="InitVariableTask6" name="Init variables">
            <extensionElements>
                <flowable:field name="initVariableMap"
                                stringValue="{&quot;totalCount&quot;:2,&quot;items&quot;:[{&quot;name&quot;:&quot;userName&quot;,&quot;value&quot;:&quot;#{clientUserOnboardingService.getClientName(participantId)}&quot;},{&quot;name&quot;:&quot;hasAccess&quot;,&quot;value&quot;:&quot;#{true}&quot;}]}"/>
                <flowable:field expression="false" name="disablesecurity"/>
                <flowable:field expression="true" name="overwrite"/>
                <signavio:signavioLabel ref="text_name"
                                        styles="{&quot;size&quot;:&quot;12&quot;,&quot;bold&quot;:false,&quot;fill&quot;:&quot;#000000&quot;,&quot;italic&quot;:false}"/>
                <edoras:property key="i18n.en.name" value="Init variables"/>
                <edoras:property key="delegateexpression" value="${processInitVariablesService}"/>
                <edoras-vis:property key="callacitivity" value="false"/>
                <edoras-vis:property key="notes" value=""/>
                <edoras-vis:property key="looptype" value="None"/>
                <edoras-vis:property key="completioncondition" value=""/>
                <edoras-vis:property key="fontsize" value=""/>
                <edoras-vis:property key="loopelementindexvariable" value="loopCounter"/>
                <edoras-vis:property key="genericproperty" value=""/>
                <edoras-vis:property key="loopcardinality" value=""/>
                <edoras-vis:property key="stencilsuperids" value="[&quot;Task&quot;,&quot;ServiceTask&quot;]"/>
                <edoras-vis:property key="name_en_us" value="Init variables"/>
                <edoras-vis:property key="resultvariable" value=""/>
                <edoras-vis:property key="fontweight" value=""/>
                <edoras-vis:property key="fontstyle" value=""/>
                <edoras-vis:property key="fontcolor" value=""/>
                <edoras-vis:property key="exclusive" value="true"/>
                <edoras-vis:property key="stencilsuperid" value="ServiceTask"/>
                <edoras-vis:property key="categories" value=""/>
                <edoras-vis:property key="id" value="InitVariableTask6"/>
                <edoras-vis:property key="disablesecurity" value="false"/>
                <edoras-vis:property key="skipexpression" value=""/>
                <edoras-vis:property key="overwrite" value="true"/>
                <edoras-vis:property key="class" value=""/>
                <edoras-vis:property key="name_i18n-key" value=""/>
                <edoras-vis:property key="stencilid" value="variableactivity"/>
                <edoras-vis:property key="initvariablemap"
                                     value="{&quot;totalCount&quot;:2,&quot;items&quot;:[{&quot;name&quot;:&quot;userName&quot;,&quot;value&quot;:&quot;#{clientUserOnboardingService.getClientName(participantId)}&quot;},{&quot;name&quot;:&quot;hasAccess&quot;,&quot;value&quot;:&quot;#{true}&quot;}]}"/>
                <edoras-vis:property key="tasktype" value="Service"/>
                <edoras-vis:property key="expression" value=""/>
                <edoras-vis:property key="customstencil" value="true"/>
                <edoras-vis:property key="documentation" value=""/>
                <edoras-vis:property key="loopcollection" value=""/>
                <edoras-vis:property key="name-run" value=""/>
                <edoras-vis:property key="name_en_us-run" value=""/>
                <edoras-vis:property key="customnamespace" value="http://b3mn.org/stencilset/default.flowable.process.palette.xml#"/>
                <edoras-vis:property key="bordercolor" value="#000000"/>
                <edoras-vis:property key="delegateexpression" value="${processInitVariablesService}"/>
                <edoras-vis:property key="async" value="false"/>
                <edoras-vis:property key="oldresourceid" value=""/>
                <edoras-vis:property key="disablesecurity-run" value=""/>
                <edoras-vis:property key="bgcolor" value="#ffffff"/>
                <edoras-vis:property key="customstencilid" value="variableactivity"/>
                <edoras-vis:property key="xmltag" value="ServiceTask"/>
                <edoras-vis:property key="loopelementvariable" value=""/>
                <edoras-vis:property key="overwrite-run" value=""/>
                <edoras-vis:property key="name" value="Init variables"/>
                <edoras-vis:property key="guid" value="GEAR-6bb1331a-c2f7-497f-a845-0bbaaf322428"/>
                <edoras-vis:property key="isforcompensation" value="false"/>
                <edoras-vis:property key="properties" value=""/>
            </extensionElements>
        </serviceTask>
        <startEvent id="cloudstartnoneevent2">
            <extensionElements>
                <signavio:signavioLabel ref="text_name"
                                        styles="{&quot;size&quot;:&quot;12&quot;,&quot;bold&quot;:false,&quot;fill&quot;:&quot;#000000&quot;,&quot;italic&quot;:false}"/>
                <edoras:property key="formproperties" value=""/>
                <edoras:property key="i18n.en.name" value=""/>
                <edoras:property key="formkey" value=""/>
                <edoras:property key="initiator" value=""/>
                <edoras-vis:property key="formproperties" value=""/>
                <edoras-vis:property key="notes" value=""/>
                <edoras-vis:property key="formkey" value=""/>
                <edoras-vis:property key="initiator" value=""/>
                <edoras-vis:property key="fontsize" value=""/>
                <edoras-vis:property key="genericproperty" value=""/>
                <edoras-vis:property key="stencilsuperids" value="[&quot;StartNoneEvent&quot;]"/>
                <edoras-vis:property key="name_en_us" value=""/>
                <edoras-vis:property key="fontweight" value=""/>
                <edoras-vis:property key="fontstyle" value=""/>
                <edoras-vis:property key="fontcolor" value=""/>
                <edoras-vis:property key="stencilsuperid" value="StartNoneEvent"/>
                <edoras-vis:property key="id" value="cloudstartnoneevent2"/>
                <edoras-vis:property key="name_i18n-key" value=""/>
                <edoras-vis:property key="stencilid" value="cloudstartnoneevent"/>
                <edoras-vis:property key="customstencil" value="true"/>
                <edoras-vis:property key="documentation" value=""/>
                <edoras-vis:property key="executionlistener" value=""/>
                <edoras-vis:property key="name-run" value=""/>
                <edoras-vis:property key="trigger" value="None"/>
                <edoras-vis:property key="name_en_us-run" value=""/>
                <edoras-vis:property key="customnamespace" value="http://b3mn.org/stencilset/default.flowable.process.palette.xml#"/>
                <edoras-vis:property key="bordercolor" value="#000000"/>
                <edoras-vis:property key="oldresourceid" value=""/>
                <edoras-vis:property key="bgcolor" value="#ffffff"/>
                <edoras-vis:property key="customstencilid" value="cloudstartnoneevent"/>
                <edoras-vis:property key="formreference" value=""/>
                <edoras-vis:property key="xmltag" value="StartNoneEvent"/>
                <edoras-vis:property key="name" value=""/>
            </extensionElements>
        </startEvent>
        <manualTask id="cloudmanualtask1" name="SCDA call">
            <extensionElements>
                <signavio:signavioLabel ref="text_name"
                                        styles="{&quot;size&quot;:&quot;12&quot;,&quot;bold&quot;:false,&quot;fill&quot;:&quot;#000000&quot;,&quot;italic&quot;:false}"/>
                <edoras:property key="i18n.en.name" value="SCDA call"/>
                <edoras-vis:property key="callacitivity" value="false"/>
                <edoras-vis:property key="notes" value=""/>
                <edoras-vis:property key="looptype" value="None"/>
                <edoras-vis:property key="completioncondition" value=""/>
                <edoras-vis:property key="fontsize" value=""/>
                <edoras-vis:property key="loopelementindexvariable" value="loopCounter"/>
                <edoras-vis:property key="genericproperty" value=""/>
                <edoras-vis:property key="loopcardinality" value=""/>
                <edoras-vis:property key="stencilsuperids" value="[&quot;Task&quot;,&quot;ManualTask&quot;]"/>
                <edoras-vis:property key="name_en_us" value="SCDA call"/>
                <edoras-vis:property key="fontweight" value=""/>
                <edoras-vis:property key="fontstyle" value=""/>
                <edoras-vis:property key="fontcolor" value=""/>
                <edoras-vis:property key="exclusive" value="true"/>
                <edoras-vis:property key="stencilsuperid" value="ManualTask"/>
                <edoras-vis:property key="categories" value=""/>
                <edoras-vis:property key="id" value="cloudmanualtask1"/>
                <edoras-vis:property key="skipexpression" value=""/>
                <edoras-vis:property key="name_i18n-key" value=""/>
                <edoras-vis:property key="stencilid" value="cloudmanualtask"/>
                <edoras-vis:property key="tasktype" value="Manual"/>
                <edoras-vis:property key="customstencil" value="true"/>
                <edoras-vis:property key="documentation" value=""/>
                <edoras-vis:property key="loopcollection" value=""/>
                <edoras-vis:property key="executionlistener" value=""/>
                <edoras-vis:property key="name-run" value=""/>
                <edoras-vis:property key="name_en_us-run" value=""/>
                <edoras-vis:property key="customnamespace" value="http://b3mn.org/stencilset/default.flowable.process.palette.xml#"/>
                <edoras-vis:property key="bordercolor" value="#000000"/>
                <edoras-vis:property key="async" value="false"/>
                <edoras-vis:property key="oldresourceid" value=""/>
                <edoras-vis:property key="bgcolor" value="#ffffff"/>
                <edoras-vis:property key="customstencilid" value="cloudmanualtask"/>
                <edoras-vis:property key="xmltag" value="ManualTask"/>
                <edoras-vis:property key="loopelementvariable" value=""/>
                <edoras-vis:property key="name" value="SCDA call"/>
                <edoras-vis:property key="guid" value="GEAR-d2a9737c-ca0e-4e1a-96c6-46ef71bdfe95"/>
                <edoras-vis:property key="isforcompensation" value="false"/>
                <edoras-vis:property key="properties" value=""/>
            </extensionElements>
        </manualTask>
        <sequenceFlow id="cloudsequenceflow22" isImmediate="false" sourceRef="cloudstartnoneevent2" targetRef="InitVariableTask6">
            <extensionElements>
                <signavio:signavioLabel ref="text_name"
                                        styles="{&quot;size&quot;:&quot;12&quot;,&quot;bold&quot;:false,&quot;fill&quot;:&quot;#000000&quot;,&quot;italic&quot;:false}"/>
                <edoras:property key="i18n.en.name" value=""/>
                <edoras-vis:property key="notes" value=""/>
                <edoras-vis:property key="conditiontype" value="None"/>
                <edoras-vis:property key="isimmediate" value="false"/>
                <edoras-vis:property key="fontsize" value=""/>
                <edoras-vis:property key="genericproperty" value=""/>
                <edoras-vis:property key="stencilsuperids" value="[&quot;SequenceFlow&quot;]"/>
                <edoras-vis:property key="name_en_us" value=""/>
                <edoras-vis:property key="fontweight" value=""/>
                <edoras-vis:property key="fontstyle" value=""/>
                <edoras-vis:property key="fontcolor" value=""/>
                <edoras-vis:property key="stencilsuperid" value="SequenceFlow"/>
                <edoras-vis:property key="id" value="cloudsequenceflow22"/>
                <edoras-vis:property key="showdiamondmarker" value="false"/>
                <edoras-vis:property key="name_i18n-key" value=""/>
                <edoras-vis:property key="stencilid" value="cloudsequenceflow"/>
                <edoras-vis:property key="customstencil" value="true"/>
                <edoras-vis:property key="documentation" value=""/>
                <edoras-vis:property key="name-run" value=""/>
                <edoras-vis:property key="conditionexpression" value=""/>
                <edoras-vis:property key="name_en_us-run" value=""/>
                <edoras-vis:property key="customnamespace" value="http://b3mn.org/stencilset/default.flowable.process.palette.xml#"/>
                <edoras-vis:property key="bordercolor" value="#000000"/>
                <edoras-vis:property key="oldresourceid" value=""/>
                <edoras-vis:property key="bgcolor" value="#ffffff"/>
                <edoras-vis:property key="customstencilid" value="cloudsequenceflow"/>
                <edoras-vis:property key="xmltag" value="SequenceFlow"/>
                <edoras-vis:property key="name" value=""/>
            </extensionElements>
        </sequenceFlow>
        <sequenceFlow id="flow16" isImmediate="false" sourceRef="cloudexclusivedatabasedgateway5" targetRef="cloudendnoneevent2">
            <extensionElements>
                <signavio:signavioLabel ref="text_name"
                                        styles="{&quot;size&quot;:&quot;12&quot;,&quot;bold&quot;:false,&quot;fill&quot;:&quot;#000000&quot;,&quot;italic&quot;:false}"/>
                <edoras-vis:property key="notes" value=""/>
                <edoras-vis:property key="isimmediate" value="false"/>
                <edoras-vis:property key="conditiontype" value="Expression"/>
                <edoras-vis:property key="fontsize" value=""/>
                <edoras-vis:property key="genericproperty" value=""/>
                <edoras-vis:property key="stencilsuperids" value="[&quot;SequenceFlow&quot;]"/>
                <edoras-vis:property key="fontweight" value=""/>
                <edoras-vis:property key="fontstyle" value=""/>
                <edoras-vis:property key="documentation_i18n-key" value=""/>
                <edoras-vis:property key="fontcolor" value=""/>
                <edoras-vis:property key="stencilsuperid" value="SequenceFlow"/>
                <edoras-vis:property key="id" value="flow16"/>
                <edoras-vis:property key="showdiamondmarker" value="false"/>
                <edoras-vis:property key="stencilid" value="flow"/>
                <edoras-vis:property key="customstencil" value="true"/>
                <edoras-vis:property key="documentation" value=""/>
                <edoras-vis:property key="conditionexpression" value=""/>
                <edoras-vis:property key="customnamespace" value="http://b3mn.org/stencilset/questionnaire.process.palette.xml#"/>
                <edoras-vis:property key="bordercolor" value=""/>
                <edoras-vis:property key="oldresourceid" value=""/>
                <edoras-vis:property key="bgcolor" value=""/>
                <edoras-vis:property key="customstencilid" value="flow"/>
                <edoras-vis:property key="xmltag" value="SequenceFlow"/>
                <edoras-vis:property key="name" value=""/>
                <edoras-vis:property key="documentation_en_us" value=""/>
            </extensionElements>
        </sequenceFlow>
        <sequenceFlow id="sequenceFlow8" isImmediate="false" sourceRef="InitVariableTask6" targetRef="cloudmanualtask1">
            <extensionElements>
                <signavio:signavioLabel ref="text_name"
                                        styles="{&quot;size&quot;:&quot;12&quot;,&quot;bold&quot;:false,&quot;fill&quot;:&quot;#000000&quot;,&quot;italic&quot;:false}"/>
                <edoras-vis:property key="stencilid" value="SequenceFlow"/>
                <edoras-vis:property key="notes" value=""/>
                <edoras-vis:property key="customstencil" value="false"/>
                <edoras-vis:property key="documentation" value=""/>
                <edoras-vis:property key="conditiontype" value="None"/>
                <edoras-vis:property key="isimmediate" value="false"/>
                <edoras-vis:property key="fontsize" value=""/>
                <edoras-vis:property key="genericproperty" value=""/>
                <edoras-vis:property key="conditionexpression" value=""/>
                <edoras-vis:property key="bordercolor" value="#000000"/>
                <edoras-vis:property key="stencilsuperids" value="[&quot;SequenceFlow&quot;]"/>
                <edoras-vis:property key="name_en_us" value=""/>
                <edoras-vis:property key="oldresourceid" value=""/>
                <edoras-vis:property key="fontweight" value=""/>
                <edoras-vis:property key="fontstyle" value=""/>
                <edoras-vis:property key="xmltag" value="SequenceFlow"/>
                <edoras-vis:property key="documentation_i18n-key" value=""/>
                <edoras-vis:property key="name" value=""/>
                <edoras-vis:property key="fontcolor" value=""/>
                <edoras-vis:property key="stencilsuperid" value="SequenceFlow"/>
                <edoras-vis:property key="id" value="sequenceFlow8"/>
                <edoras-vis:property key="documentation_en_us" value=""/>
                <edoras-vis:property key="name_i18n-key" value=""/>
                <edoras-vis:property key="showdiamondmarker" value="false"/>
            </extensionElements>
        </sequenceFlow>
        <sequenceFlow id="flow23" isImmediate="false" sourceRef="sendJoinConfirmation_servicetask" targetRef="cloudexclusivedatabasedgateway5">
            <extensionElements>
                <signavio:signavioLabel ref="text_name"
                                        styles="{&quot;size&quot;:&quot;12&quot;,&quot;bold&quot;:false,&quot;fill&quot;:&quot;#000000&quot;,&quot;italic&quot;:false}"/>
                <edoras-vis:property key="notes" value=""/>
                <edoras-vis:property key="isimmediate" value="false"/>
                <edoras-vis:property key="conditiontype" value="Expression"/>
                <edoras-vis:property key="fontsize" value=""/>
                <edoras-vis:property key="genericproperty" value=""/>
                <edoras-vis:property key="stencilsuperids" value="[&quot;SequenceFlow&quot;]"/>
                <edoras-vis:property key="fontweight" value=""/>
                <edoras-vis:property key="fontstyle" value=""/>
                <edoras-vis:property key="documentation_i18n-key" value=""/>
                <edoras-vis:property key="fontcolor" value=""/>
                <edoras-vis:property key="stencilsuperid" value="SequenceFlow"/>
                <edoras-vis:property key="id" value="flow23"/>
                <edoras-vis:property key="showdiamondmarker" value="false"/>
                <edoras-vis:property key="stencilid" value="flow"/>
                <edoras-vis:property key="customstencil" value="true"/>
                <edoras-vis:property key="documentation" value=""/>
                <edoras-vis:property key="conditionexpression" value=""/>
                <edoras-vis:property key="customnamespace" value="http://b3mn.org/stencilset/questionnaire.process.palette.xml#"/>
                <edoras-vis:property key="bordercolor" value=""/>
                <edoras-vis:property key="oldresourceid" value=""/>
                <edoras-vis:property key="bgcolor" value=""/>
                <edoras-vis:property key="customstencilid" value="flow"/>
                <edoras-vis:property key="xmltag" value="SequenceFlow"/>
                <edoras-vis:property key="name" value=""/>
                <edoras-vis:property key="documentation_en_us" value=""/>
            </extensionElements>
        </sequenceFlow>
        <sequenceFlow id="cloudsequenceflow24" isImmediate="false" sourceRef="sendDeclineInvitation_servicetask" targetRef="cloudexclusivedatabasedgateway5">
            <extensionElements>
                <signavio:signavioLabel ref="text_name"
                                        styles="{&quot;size&quot;:&quot;12&quot;,&quot;bold&quot;:false,&quot;fill&quot;:&quot;#000000&quot;,&quot;italic&quot;:false}"/>
                <edoras:property key="i18n.en.name" value=""/>
                <edoras-vis:property key="notes" value=""/>
                <edoras-vis:property key="conditiontype" value="None"/>
                <edoras-vis:property key="isimmediate" value="false"/>
                <edoras-vis:property key="fontsize" value=""/>
                <edoras-vis:property key="genericproperty" value=""/>
                <edoras-vis:property key="stencilsuperids" value="[&quot;SequenceFlow&quot;]"/>
                <edoras-vis:property key="name_en_us" value=""/>
                <edoras-vis:property key="fontweight" value=""/>
                <edoras-vis:property key="fontstyle" value=""/>
                <edoras-vis:property key="fontcolor" value=""/>
                <edoras-vis:property key="stencilsuperid" value="SequenceFlow"/>
                <edoras-vis:property key="id" value="cloudsequenceflow24"/>
                <edoras-vis:property key="showdiamondmarker" value="false"/>
                <edoras-vis:property key="name_i18n-key" value=""/>
                <edoras-vis:property key="stencilid" value="cloudsequenceflow"/>
                <edoras-vis:property key="customstencil" value="true"/>
                <edoras-vis:property key="documentation" value=""/>
                <edoras-vis:property key="name-run" value=""/>
                <edoras-vis:property key="conditionexpression" value=""/>
                <edoras-vis:property key="name_en_us-run" value=""/>
                <edoras-vis:property key="customnamespace" value="http://b3mn.org/stencilset/default.flowable.process.palette.xml#"/>
                <edoras-vis:property key="bordercolor" value="#000000"/>
                <edoras-vis:property key="oldresourceid" value=""/>
                <edoras-vis:property key="bgcolor" value="#ffffff"/>
                <edoras-vis:property key="customstencilid" value="cloudsequenceflow"/>
                <edoras-vis:property key="xmltag" value="SequenceFlow"/>
                <edoras-vis:property key="name" value=""/>
            </extensionElements>
        </sequenceFlow>
        <sequenceFlow id="cloudsequenceflow25" isImmediate="false" name="no" sourceRef="cloudexclusivedatabasedgateway6"
                      targetRef="sendDeclineInvitation_servicetask">
            <extensionElements>
                <signavio:signavioLabel ref="text_name"
                                        styles="{&quot;size&quot;:&quot;12&quot;,&quot;bold&quot;:false,&quot;fill&quot;:&quot;#000000&quot;,&quot;italic&quot;:false}"/>
                <edoras:property key="i18n.en.name" value="no"/>
                <edoras-vis:property key="notes" value=""/>
                <edoras-vis:property key="conditiontype" value="Default"/>
                <edoras-vis:property key="isimmediate" value="false"/>
                <edoras-vis:property key="fontsize" value=""/>
                <edoras-vis:property key="genericproperty" value=""/>
                <edoras-vis:property key="stencilsuperids" value="[&quot;SequenceFlow&quot;]"/>
                <edoras-vis:property key="name_en_us" value="no"/>
                <edoras-vis:property key="fontweight" value=""/>
                <edoras-vis:property key="fontstyle" value=""/>
                <edoras-vis:property key="fontcolor" value=""/>
                <edoras-vis:property key="stencilsuperid" value="SequenceFlow"/>
                <edoras-vis:property key="id" value="cloudsequenceflow25"/>
                <edoras-vis:property key="showdiamondmarker" value="false"/>
                <edoras-vis:property key="name_i18n-key" value=""/>
                <edoras-vis:property key="stencilid" value="cloudsequenceflow"/>
                <edoras-vis:property key="customstencil" value="true"/>
                <edoras-vis:property key="documentation" value=""/>
                <edoras-vis:property key="name-run" value=""/>
                <edoras-vis:property key="conditionexpression" value=""/>
                <edoras-vis:property key="name_en_us-run" value=""/>
                <edoras-vis:property key="customnamespace" value="http://b3mn.org/stencilset/default.flowable.process.palette.xml#"/>
                <edoras-vis:property key="bordercolor" value="#000000"/>
                <edoras-vis:property key="oldresourceid" value=""/>
                <edoras-vis:property key="bgcolor" value="#ffffff"/>
                <edoras-vis:property key="customstencilid" value="cloudsequenceflow"/>
                <edoras-vis:property key="xmltag" value="SequenceFlow"/>
                <edoras-vis:property key="name" value="no"/>
            </extensionElements>
        </sequenceFlow>
        <sequenceFlow id="cloudsequenceflow26" isImmediate="false" name="yes" sourceRef="cloudexclusivedatabasedgateway6"
                      targetRef="sendJoinConfirmation_servicetask">
            <extensionElements>
                <signavio:signavioLabel ref="text_name"
                                        styles="{&quot;size&quot;:&quot;12&quot;,&quot;bold&quot;:false,&quot;fill&quot;:&quot;#000000&quot;,&quot;italic&quot;:false}"/>
                <edoras:property key="i18n.en.name" value="yes"/>
                <edoras-vis:property key="notes" value=""/>
                <edoras-vis:property key="conditiontype" value="Expression"/>
                <edoras-vis:property key="isimmediate" value="false"/>
                <edoras-vis:property key="fontsize" value=""/>
                <edoras-vis:property key="genericproperty" value=""/>
                <edoras-vis:property key="stencilsuperids" value="[&quot;SequenceFlow&quot;]"/>
                <edoras-vis:property key="name_en_us" value="yes"/>
                <edoras-vis:property key="fontweight" value=""/>
                <edoras-vis:property key="fontstyle" value=""/>
                <edoras-vis:property key="fontcolor" value=""/>
                <edoras-vis:property key="stencilsuperid" value="SequenceFlow"/>
                <edoras-vis:property key="id" value="cloudsequenceflow26"/>
                <edoras-vis:property key="showdiamondmarker" value="false"/>
                <edoras-vis:property key="name_i18n-key" value=""/>
                <edoras-vis:property key="stencilid" value="cloudsequenceflow"/>
                <edoras-vis:property key="customstencil" value="true"/>
                <edoras-vis:property key="documentation" value=""/>
                <edoras-vis:property key="name-run" value=""/>
                <edoras-vis:property key="conditionexpression" value="#{hasAccess}"/>
                <edoras-vis:property key="name_en_us-run" value=""/>
                <edoras-vis:property key="customnamespace" value="http://b3mn.org/stencilset/default.flowable.process.palette.xml#"/>
                <edoras-vis:property key="bordercolor" value="#000000"/>
                <edoras-vis:property key="oldresourceid" value=""/>
                <edoras-vis:property key="bgcolor" value="#ffffff"/>
                <edoras-vis:property key="customstencilid" value="cloudsequenceflow"/>
                <edoras-vis:property key="xmltag" value="SequenceFlow"/>
                <edoras-vis:property key="name" value="yes"/>
            </extensionElements>
            <conditionExpression id="cloudsequenceflow26_formalExpression1" xsi:type="tFormalExpression">#{hasAccess}</conditionExpression>
        </sequenceFlow>
        <sequenceFlow id="sequenceFlow9" isImmediate="false" sourceRef="cloudmanualtask1" targetRef="cloudexclusivedatabasedgateway6">
            <extensionElements>
                <signavio:signavioLabel ref="text_name"
                                        styles="{&quot;size&quot;:&quot;12&quot;,&quot;bold&quot;:false,&quot;fill&quot;:&quot;#000000&quot;,&quot;italic&quot;:false}"/>
                <edoras-vis:property key="stencilid" value="SequenceFlow"/>
                <edoras-vis:property key="notes" value=""/>
                <edoras-vis:property key="customstencil" value="false"/>
                <edoras-vis:property key="documentation" value=""/>
                <edoras-vis:property key="conditiontype" value="None"/>
                <edoras-vis:property key="isimmediate" value="false"/>
                <edoras-vis:property key="fontsize" value=""/>
                <edoras-vis:property key="genericproperty" value=""/>
                <edoras-vis:property key="conditionexpression" value=""/>
                <edoras-vis:property key="bordercolor" value="#000000"/>
                <edoras-vis:property key="stencilsuperids" value="[&quot;SequenceFlow&quot;]"/>
                <edoras-vis:property key="name_en_us" value=""/>
                <edoras-vis:property key="oldresourceid" value=""/>
                <edoras-vis:property key="fontweight" value=""/>
                <edoras-vis:property key="fontstyle" value=""/>
                <edoras-vis:property key="xmltag" value="SequenceFlow"/>
                <edoras-vis:property key="documentation_i18n-key" value=""/>
                <edoras-vis:property key="name" value=""/>
                <edoras-vis:property key="fontcolor" value=""/>
                <edoras-vis:property key="stencilsuperid" value="SequenceFlow"/>
                <edoras-vis:property key="id" value="sequenceFlow9"/>
                <edoras-vis:property key="documentation_en_us" value=""/>
                <edoras-vis:property key="name_i18n-key" value=""/>
                <edoras-vis:property key="showdiamondmarker" value="false"/>
            </extensionElements>
        </sequenceFlow>
    </process>
    <collaboration id="collaboration1">
        <participant id="cloudpool1" processRef="PROCESS_MODEL-d9813032-75a2-4e4f-9c75-9512c1000b00">
            <extensionElements>
                <signavio:signavioLabel ref="text_name"
                                        styles="{&quot;size&quot;:&quot;12&quot;,&quot;bold&quot;:false,&quot;fill&quot;:&quot;#000000&quot;,&quot;italic&quot;:false}"/>
                <edoras:property key="i18n.en.name" value=""/>
                <edoras:property key="orientation" value="horizontal"/>
                <edoras-vis:property key="notes" value=""/>
                <edoras-vis:property key="fontsize" value=""/>
                <edoras-vis:property key="isexecutable" value="true"/>
                <edoras-vis:property key="genericproperty" value=""/>
                <edoras-vis:property key="boundaryvisible" value="true"/>
                <edoras-vis:property key="stencilsuperids" value="[&quot;Pool&quot;]"/>
                <edoras-vis:property key="name_en_us" value=""/>
                <edoras-vis:property key="fontweight" value=""/>
                <edoras-vis:property key="fontstyle" value=""/>
                <edoras-vis:property key="fontcolor" value=""/>
                <edoras-vis:property key="stencilsuperid" value="Pool"/>
                <edoras-vis:property key="id" value="cloudpool1"/>
                <edoras-vis:property key="name_i18n-key" value=""/>
                <edoras-vis:property key="stencilid" value="cloudpool"/>
                <edoras-vis:property key="orientation" value="horizontal"/>
                <edoras-vis:property key="customstencil" value="true"/>
                <edoras-vis:property key="documentation" value=""/>
                <edoras-vis:property key="processidentifier" value=""/>
                <edoras-vis:property key="name-run" value=""/>
                <edoras-vis:property key="multiinstance" value="false"/>
                <edoras-vis:property key="name_en_us-run" value=""/>
                <edoras-vis:property key="customnamespace" value="http://b3mn.org/stencilset/default.flowable.process.palette.xml#"/>
                <edoras-vis:property key="bordercolor" value="#C0C0C0"/>
                <edoras-vis:property key="oldresourceid" value=""/>
                <edoras-vis:property key="bgcolor" value="#ffffff"/>
                <edoras-vis:property key="customstencilid" value="cloudpool"/>
                <edoras-vis:property key="xmltag" value="Pool"/>
                <edoras-vis:property key="name" value=""/>
                <edoras-vis:property key="maximum" value="2"/>
                <edoras-vis:property key="minimum" value="2"/>
            </extensionElements>
        </participant>
    </collaboration>
    <bpmndi:BPMNDiagram id="bpmndiagram1">
        <bpmndi:BPMNPlane bpmnElement="collaboration1" id="bpmnplane1">
            <bpmndi:BPMNShape bpmnElement="cloudlane1" id="cloudlane1_gui" isHorizontal="true">
                <omgdc:Bounds height="339.0" width="825.0" x="75.0" y="80.0"/>
            </bpmndi:BPMNShape>
            <bpmndi:BPMNShape bpmnElement="cloudexclusivedatabasedgateway5" id="cloudexclusivedatabasedgateway5_gui" isMarkerVisible="true">
                <omgdc:Bounds height="40.0" width="40.0" x="741.0" y="194.5"/>
            </bpmndi:BPMNShape>
            <bpmndi:BPMNShape bpmnElement="sendJoinConfirmation_servicetask" id="sendJoinConfirmation_servicetask_gui">
                <omgdc:Bounds height="80.0" width="100.0" x="599.0" y="174.5"/>
            </bpmndi:BPMNShape>
            <bpmndi:BPMNShape bpmnElement="sendDeclineInvitation_servicetask" id="sendDeclineInvitation_servicetask_gui">
                <omgdc:Bounds height="80.0" width="100.0" x="599.0" y="281.0"/>
            </bpmndi:BPMNShape>
            <bpmndi:BPMNShape bpmnElement="cloudexclusivedatabasedgateway6" id="cloudexclusivedatabasedgateway6_gui" isMarkerVisible="true">
                <omgdc:Bounds height="40.0" width="40.0" x="508.0" y="193.5"/>
            </bpmndi:BPMNShape>
            <bpmndi:BPMNShape bpmnElement="cloudendnoneevent2" id="cloudendnoneevent2_gui">
                <omgdc:Bounds height="28.0" width="28.0" x="828.0" y="200.5"/>
            </bpmndi:BPMNShape>
            <bpmndi:BPMNShape bpmnElement="InitVariableTask6" id="InitVariableTask6_gui">
                <omgdc:Bounds height="80.0" width="100.0" x="195.0" y="173.5"/>
            </bpmndi:BPMNShape>
            <bpmndi:BPMNShape bpmnElement="cloudstartnoneevent2" id="cloudstartnoneevent2_gui">
                <omgdc:Bounds height="30.0" width="30.0" x="120.0" y="198.5"/>
            </bpmndi:BPMNShape>
            <bpmndi:BPMNShape bpmnElement="cloudmanualtask1" id="cloudmanualtask1_gui">
                <omgdc:Bounds height="80.0" width="100.0" x="349.0" y="173.0"/>
            </bpmndi:BPMNShape>
            <bpmndi:BPMNShape bpmnElement="cloudpool1" id="cloudpool1_gui" isHorizontal="true">
                <omgdc:Bounds height="339.0" width="855.0" x="45.0" y="80.0"/>
            </bpmndi:BPMNShape>
            <bpmndi:BPMNEdge bpmnElement="flow16" id="flow16_gui">
                <omgdi:waypoint x="781.0" y="214.0"/>
                <omgdi:waypoint x="828.0" y="214.0"/>
            </bpmndi:BPMNEdge>
            <bpmndi:BPMNEdge bpmnElement="sequenceFlow9" id="sequenceFlow9_gui">
                <omgdi:waypoint x="449.0" y="213.0"/>
                <omgdi:waypoint x="508.0" y="214.0"/>
            </bpmndi:BPMNEdge>
            <bpmndi:BPMNEdge bpmnElement="sequenceFlow8" id="sequenceFlow8_gui">
                <omgdi:waypoint x="295.0" y="213.0"/>
                <omgdi:waypoint x="349.0" y="213.0"/>
            </bpmndi:BPMNEdge>
            <bpmndi:BPMNEdge bpmnElement="cloudsequenceflow26" id="cloudsequenceflow26_gui">
                <omgdi:waypoint x="548.0" y="214.0"/>
                <omgdi:waypoint x="599.0" y="214.0"/>
            </bpmndi:BPMNEdge>
            <bpmndi:BPMNEdge bpmnElement="flow23" id="flow23_gui">
                <omgdi:waypoint x="699.0" y="214.0"/>
                <omgdi:waypoint x="741.0" y="214.0"/>
            </bpmndi:BPMNEdge>
            <bpmndi:BPMNEdge bpmnElement="cloudsequenceflow22" id="cloudsequenceflow22_gui">
                <omgdi:waypoint x="150.0" y="213.0"/>
                <omgdi:waypoint x="195.0" y="213.0"/>
            </bpmndi:BPMNEdge>
            <bpmndi:BPMNEdge bpmnElement="cloudsequenceflow24" id="cloudsequenceflow24_gui">
                <omgdi:waypoint x="699.0" y="321.0"/>
                <omgdi:waypoint x="761.0" y="321.0"/>
                <omgdi:waypoint x="761.0" y="234.0"/>
            </bpmndi:BPMNEdge>
            <bpmndi:BPMNEdge bpmnElement="cloudsequenceflow25" id="cloudsequenceflow25_gui">
                <omgdi:waypoint x="528.0" y="233.0"/>
                <omgdi:waypoint x="528.0" y="321.0"/>
                <omgdi:waypoint x="599.0" y="321.0"/>
            </bpmndi:BPMNEdge>
        </bpmndi:BPMNPlane>
    </bpmndi:BPMNDiagram>
</definitions>
