<?xml version="1.0" encoding="UTF-8"?>
<definitions xmlns="http://www.omg.org/spec/BPMN/20100524/MODEL" xmlns:flowable="http://flowable.org/bpmn"
             xmlns:bpmndi="http://www.omg.org/spec/BPMN/20100524/DI" xmlns:omgdc="http://www.omg.org/spec/DD/20100524/DC"
             xmlns:omgdi="http://www.omg.org/spec/DD/20100524/DI" typeLanguage="http://www.w3.org/2001/XMLSchema"
             expressionLanguage="http://www.w3.org/1999/XPath" targetNamespace="http://flowable.org/test">
  <collaboration id="Collaboration">
    <participant id="pool1" processRef="P008_reactivateInternalUser"></participant>
  </collaboration>
  <process id="P008_reactivateInternalUser" name="DCI-P008 Reactivate internal user" isExecutable="true">
    <extensionElements>
      <design:creationdate xmlns:design="http://flowable.org/design"><![CDATA[2019-02-11T18:32:11.906+01:00]]></design:creationdate>
      <design:fontsize xmlns:design="http://flowable.org/design"><![CDATA[12]]></design:fontsize>
      <design:language xmlns:design="http://flowable.org/design"><![CDATA[English]]></design:language>
      <design:fontstyle xmlns:design="http://flowable.org/design"><![CDATA[normal]]></design:fontstyle>
      <design:fontcolor xmlns:design="http://flowable.org/design"><![CDATA[#000000]]></design:fontcolor>
      <design:id xmlns:design="http://flowable.org/design"><![CDATA[P008_reactivateInternalUser]]></design:id>
      <design:stencilid xmlns:design="http://flowable.org/design"><![CDATA[BPMNDiagram]]></design:stencilid>
      <design:customstencil xmlns:design="http://flowable.org/design"><![CDATA[false]]></design:customstencil>
      <design:iseagerexecutionfetch xmlns:design="http://flowable.org/design"><![CDATA[false]]></design:iseagerexecutionfetch>
      <design:name xmlns:design="http://flowable.org/design"><![CDATA[DCI-P008 Reactivate internal user]]></design:name>
      <design:guid xmlns:design="http://flowable.org/design"><![CDATA[PROCESS_MODEL-261f7314-b27c-421e-a839-047583441d38]]></design:guid>
      <design:process_namespace xmlns:design="http://flowable.org/design"><![CDATA[http://flowable.org/test]]></design:process_namespace>
      <design:isexecutable xmlns:design="http://flowable.org/design"><![CDATA[false]]></design:isexecutable>
      <design:fontweight xmlns:design="http://flowable.org/design"><![CDATA[normal]]></design:fontweight>
      <design:stencilsuperid xmlns:design="http://flowable.org/design"><![CDATA[BPMNDiagram]]></design:stencilsuperid>
      <design:modificationdate xmlns:design="http://flowable.org/design"><![CDATA[2019-02-11T20:22:22.172+01:00]]></design:modificationdate>
      <design:xmlTag xmlns:design="http://flowable.org/design"><![CDATA[BPMNDiagram]]></design:xmlTag>
      <design:isprocessexecutable xmlns:design="http://flowable.org/design"><![CDATA[true]]></design:isprocessexecutable>
      <design:process_historylevel xmlns:design="http://flowable.org/design"><![CDATA[audit]]></design:process_historylevel>
      <design:process_id xmlns:design="http://flowable.org/design"><![CDATA[P008_reactivateInternalUser]]></design:process_id>
    </extensionElements>
    <laneSet id="laneSet_P008_reactivateInternalUser">
      <lane id="lane1">
        <flowNodeRef>startnoneevent1</flowNodeRef>
        <flowNodeRef>servicetask1</flowNodeRef>
        <flowNodeRef>servicetask2</flowNodeRef>
        <flowNodeRef>endnoneevent1</flowNodeRef>
        <flowNodeRef>servicetask3</flowNodeRef>
        <flowNodeRef>sequenceflow1</flowNodeRef>
        <flowNodeRef>sequenceflow2</flowNodeRef>
        <flowNodeRef>sequenceflow3</flowNodeRef>
        <flowNodeRef>sequenceflow4</flowNodeRef>
      </lane>
    </laneSet>
    <startEvent id="startnoneevent1" flowable:initiator="initiator">
      <extensionElements>
        <design:initiator xmlns:design="http://flowable.org/design"><![CDATA[initiator]]></design:initiator>
        <design:stencilsuperids xmlns:design="http://flowable.org/design"><![CDATA[["StartNoneEvent"]]]></design:stencilsuperids>
        <design:exclusive xmlns:design="http://flowable.org/design"><![CDATA[true]]></design:exclusive>
        <design:stencilsuperid xmlns:design="http://flowable.org/design"><![CDATA[StartNoneEvent]]></design:stencilsuperid>
        <design:id xmlns:design="http://flowable.org/design"><![CDATA[startnoneevent1]]></design:id>
        <design:stencilid xmlns:design="http://flowable.org/design"><![CDATA[cloudstartnoneevent]]></design:stencilid>
        <design:interrupting xmlns:design="http://flowable.org/design"><![CDATA[true]]></design:interrupting>
        <design:customstencil xmlns:design="http://flowable.org/design"><![CDATA[true]]></design:customstencil>
        <design:trigger xmlns:design="http://flowable.org/design"><![CDATA[None]]></design:trigger>
        <design:customnamespace xmlns:design="http://flowable.org/design"><![CDATA[http://b3mn.org/stencilset/default.flowable.process.palette.xml#]]></design:customnamespace>
        <design:bordercolor xmlns:design="http://flowable.org/design"><![CDATA[#000000]]></design:bordercolor>
        <design:async xmlns:design="http://flowable.org/design"><![CDATA[false]]></design:async>
        <design:bgcolor xmlns:design="http://flowable.org/design"><![CDATA[#ffffff]]></design:bgcolor>
        <design:customstencilid xmlns:design="http://flowable.org/design"><![CDATA[cloudstartnoneevent]]></design:customstencilid>
        <design:xmlTag xmlns:design="http://flowable.org/design"><![CDATA[StartNoneEvent]]></design:xmlTag>
      </extensionElements>
    </startEvent>
    <serviceTask id="servicetask1" name="send information message to all conversations" flowable:expression="${ubsInternalUserLifecycleService.sendMessageToAllConversationsOfUser(userId, 'missedMessages')}">
      <extensionElements>
        <design:servicetasktriggerable xmlns:design="http://flowable.org/design"><![CDATA[false]]></design:servicetasktriggerable>
        <design:loopelementindexvariable xmlns:design="http://flowable.org/design"><![CDATA[loopCounter]]></design:loopelementindexvariable>
        <design:exclusive xmlns:design="http://flowable.org/design"><![CDATA[true]]></design:exclusive>
        <design:id xmlns:design="http://flowable.org/design"><![CDATA[servicetask1]]></design:id>
        <design:stencilid xmlns:design="http://flowable.org/design"><![CDATA[cloudservicetask]]></design:stencilid>
        <design:tasktype xmlns:design="http://flowable.org/design"><![CDATA[Service]]></design:tasktype>
        <design:customstencil xmlns:design="http://flowable.org/design"><![CDATA[true]]></design:customstencil>
        <design:customnamespace xmlns:design="http://flowable.org/design"><![CDATA[http://b3mn.org/stencilset/default.flowable.process.palette.xml#]]></design:customnamespace>
        <design:bgcolor xmlns:design="http://flowable.org/design"><![CDATA[#ffffff]]></design:bgcolor>
        <design:servicetaskuselocalscopeforresultvariable xmlns:design="http://flowable.org/design"><![CDATA[false]]></design:servicetaskuselocalscopeforresultvariable>
        <design:name xmlns:design="http://flowable.org/design"><![CDATA[send information message to all conversations]]></design:name>
        <design:guid xmlns:design="http://flowable.org/design"><![CDATA[GEAR-0382784f-316e-4c6d-a6df-d76172d17f2f]]></design:guid>
        <design:callacitivity xmlns:design="http://flowable.org/design"><![CDATA[false]]></design:callacitivity>
        <design:looptype xmlns:design="http://flowable.org/design"><![CDATA[None]]></design:looptype>
        <design:stencilsuperids xmlns:design="http://flowable.org/design"><![CDATA[["Task","ServiceTask"]]]></design:stencilsuperids>
        <design:name_en_us xmlns:design="http://flowable.org/design"><![CDATA[send information message to all conversations]]></design:name_en_us>
        <design:stencilsuperid xmlns:design="http://flowable.org/design"><![CDATA[ServiceTask]]></design:stencilsuperid>
        <design:expression xmlns:design="http://flowable.org/design"><![CDATA[${ubsInternalUserLifecycleService.sendMessageToAllConversationsOfUser(userId, 'missedMessages')}]]></design:expression>
        <design:bordercolor xmlns:design="http://flowable.org/design"><![CDATA[#000000]]></design:bordercolor>
        <design:async xmlns:design="http://flowable.org/design"><![CDATA[false]]></design:async>
        <design:customstencilid xmlns:design="http://flowable.org/design"><![CDATA[cloudservicetask]]></design:customstencilid>
        <design:xmlTag xmlns:design="http://flowable.org/design"><![CDATA[ServiceTask]]></design:xmlTag>
        <design:isforcompensation xmlns:design="http://flowable.org/design"><![CDATA[false]]></design:isforcompensation>
      </extensionElements>
    </serviceTask>
    <serviceTask id="servicetask2" name="set caActive on associated clients" flowable:expression="${ubsInternalUserLifecycleService.setStateOfCaForAllAssociatedUsers(userId, true)}">
      <extensionElements>
        <design:servicetasktriggerable xmlns:design="http://flowable.org/design"><![CDATA[false]]></design:servicetasktriggerable>
        <design:loopelementindexvariable xmlns:design="http://flowable.org/design"><![CDATA[loopCounter]]></design:loopelementindexvariable>
        <design:exclusive xmlns:design="http://flowable.org/design"><![CDATA[true]]></design:exclusive>
        <design:id xmlns:design="http://flowable.org/design"><![CDATA[servicetask2]]></design:id>
        <design:stencilid xmlns:design="http://flowable.org/design"><![CDATA[cloudservicetask]]></design:stencilid>
        <design:tasktype xmlns:design="http://flowable.org/design"><![CDATA[Service]]></design:tasktype>
        <design:customstencil xmlns:design="http://flowable.org/design"><![CDATA[true]]></design:customstencil>
        <design:customnamespace xmlns:design="http://flowable.org/design"><![CDATA[http://b3mn.org/stencilset/default.flowable.process.palette.xml#]]></design:customnamespace>
        <design:bgcolor xmlns:design="http://flowable.org/design"><![CDATA[#ffffff]]></design:bgcolor>
        <design:servicetaskuselocalscopeforresultvariable xmlns:design="http://flowable.org/design"><![CDATA[false]]></design:servicetaskuselocalscopeforresultvariable>
        <design:name xmlns:design="http://flowable.org/design"><![CDATA[set caActive on associated clients]]></design:name>
        <design:guid xmlns:design="http://flowable.org/design"><![CDATA[GEAR-65c4cb2b-e65b-4c20-bd24-f8e472c3411f]]></design:guid>
        <design:callacitivity xmlns:design="http://flowable.org/design"><![CDATA[false]]></design:callacitivity>
        <design:looptype xmlns:design="http://flowable.org/design"><![CDATA[None]]></design:looptype>
        <design:stencilsuperids xmlns:design="http://flowable.org/design"><![CDATA[["Task","ServiceTask"]]]></design:stencilsuperids>
        <design:name_en_us xmlns:design="http://flowable.org/design"><![CDATA[set caActive on associated clients]]></design:name_en_us>
        <design:stencilsuperid xmlns:design="http://flowable.org/design"><![CDATA[ServiceTask]]></design:stencilsuperid>
        <design:expression xmlns:design="http://flowable.org/design"><![CDATA[${ubsInternalUserLifecycleService.setStateOfCaForAllAssociatedUsers(userId, true)}]]></design:expression>
        <design:bordercolor xmlns:design="http://flowable.org/design"><![CDATA[#000000]]></design:bordercolor>
        <design:async xmlns:design="http://flowable.org/design"><![CDATA[false]]></design:async>
        <design:customstencilid xmlns:design="http://flowable.org/design"><![CDATA[cloudservicetask]]></design:customstencilid>
        <design:xmlTag xmlns:design="http://flowable.org/design"><![CDATA[ServiceTask]]></design:xmlTag>
        <design:isforcompensation xmlns:design="http://flowable.org/design"><![CDATA[false]]></design:isforcompensation>
      </extensionElements>
    </serviceTask>
    <endEvent id="endnoneevent1">
      <extensionElements>
        <design:stencilsuperids xmlns:design="http://flowable.org/design"><![CDATA[["EndNoneEvent"]]]></design:stencilsuperids>
        <design:terminateall xmlns:design="http://flowable.org/design"><![CDATA[false]]></design:terminateall>
        <design:stencilsuperid xmlns:design="http://flowable.org/design"><![CDATA[EndNoneEvent]]></design:stencilsuperid>
        <design:id xmlns:design="http://flowable.org/design"><![CDATA[endnoneevent1]]></design:id>
        <design:stencilid xmlns:design="http://flowable.org/design"><![CDATA[cloudendnoneevent]]></design:stencilid>
        <design:customstencil xmlns:design="http://flowable.org/design"><![CDATA[true]]></design:customstencil>
        <design:trigger xmlns:design="http://flowable.org/design"><![CDATA[None]]></design:trigger>
        <design:customnamespace xmlns:design="http://flowable.org/design"><![CDATA[http://b3mn.org/stencilset/default.flowable.process.palette.xml#]]></design:customnamespace>
        <design:bordercolor xmlns:design="http://flowable.org/design"><![CDATA[#000000]]></design:bordercolor>
        <design:bgcolor xmlns:design="http://flowable.org/design"><![CDATA[#ffffff]]></design:bgcolor>
        <design:customstencilid xmlns:design="http://flowable.org/design"><![CDATA[cloudendnoneevent]]></design:customstencilid>
        <design:xmlTag xmlns:design="http://flowable.org/design"><![CDATA[EndNoneEvent]]></design:xmlTag>
      </extensionElements>
    </endEvent>
    <serviceTask id="servicetask3" name="set State" flowable:expression="${setUserStateAndSubState(userId, 'ACTIVE', 'ACTIVE')}">
      <extensionElements>
        <design:servicetasktriggerable xmlns:design="http://flowable.org/design"><![CDATA[false]]></design:servicetasktriggerable>
        <design:loopelementindexvariable xmlns:design="http://flowable.org/design"><![CDATA[loopCounter]]></design:loopelementindexvariable>
        <design:exclusive xmlns:design="http://flowable.org/design"><![CDATA[false]]></design:exclusive>
        <design:id xmlns:design="http://flowable.org/design"><![CDATA[servicetask3]]></design:id>
        <design:stencilid xmlns:design="http://flowable.org/design"><![CDATA[cloudservicetask]]></design:stencilid>
        <design:tasktype xmlns:design="http://flowable.org/design"><![CDATA[Service]]></design:tasktype>
        <design:customstencil xmlns:design="http://flowable.org/design"><![CDATA[true]]></design:customstencil>
        <design:customnamespace xmlns:design="http://flowable.org/design"><![CDATA[http://b3mn.org/stencilset/default.flowable.process.palette.xml#]]></design:customnamespace>
        <design:bgcolor xmlns:design="http://flowable.org/design"><![CDATA[#ffffff]]></design:bgcolor>
        <design:servicetaskuselocalscopeforresultvariable xmlns:design="http://flowable.org/design"><![CDATA[false]]></design:servicetaskuselocalscopeforresultvariable>
        <design:name xmlns:design="http://flowable.org/design"><![CDATA[set State]]></design:name>
        <design:guid xmlns:design="http://flowable.org/design"><![CDATA[GEAR-d46c129e-3ada-43d3-b785-db5677c460bc]]></design:guid>
        <design:callacitivity xmlns:design="http://flowable.org/design"><![CDATA[false]]></design:callacitivity>
        <design:looptype xmlns:design="http://flowable.org/design"><![CDATA[None]]></design:looptype>
        <design:stencilsuperids xmlns:design="http://flowable.org/design"><![CDATA[["Task","ServiceTask"]]]></design:stencilsuperids>
        <design:name_en_us xmlns:design="http://flowable.org/design"><![CDATA[set State]]></design:name_en_us>
        <design:stencilsuperid xmlns:design="http://flowable.org/design"><![CDATA[ServiceTask]]></design:stencilsuperid>
        <design:expression xmlns:design="http://flowable.org/design"><![CDATA[${setUserStateAndSubState(userId, 'ACTIVE', 'ACTIVE')}]]></design:expression>
        <design:bordercolor xmlns:design="http://flowable.org/design"><![CDATA[#000000]]></design:bordercolor>
        <design:async xmlns:design="http://flowable.org/design"><![CDATA[false]]></design:async>
        <design:customstencilid xmlns:design="http://flowable.org/design"><![CDATA[cloudservicetask]]></design:customstencilid>
        <design:xmlTag xmlns:design="http://flowable.org/design"><![CDATA[ServiceTask]]></design:xmlTag>
        <design:isforcompensation xmlns:design="http://flowable.org/design"><![CDATA[false]]></design:isforcompensation>
      </extensionElements>
    </serviceTask>
    <sequenceFlow id="sequenceflow1" sourceRef="startnoneevent1" targetRef="servicetask1">
      <extensionElements>
        <design:conditiontype xmlns:design="http://flowable.org/design"><![CDATA[None]]></design:conditiontype>
        <design:isimmediate xmlns:design="http://flowable.org/design"><![CDATA[false]]></design:isimmediate>
        <design:stencilsuperids xmlns:design="http://flowable.org/design"><![CDATA[["SequenceFlow"]]]></design:stencilsuperids>
        <design:defaultflow xmlns:design="http://flowable.org/design"><![CDATA[false]]></design:defaultflow>
        <design:stencilsuperid xmlns:design="http://flowable.org/design"><![CDATA[SequenceFlow]]></design:stencilsuperid>
        <design:id xmlns:design="http://flowable.org/design"><![CDATA[sequenceflow1]]></design:id>
        <design:showdiamondmarker xmlns:design="http://flowable.org/design"><![CDATA[false]]></design:showdiamondmarker>
        <design:stencilid xmlns:design="http://flowable.org/design"><![CDATA[cloudsequenceflow]]></design:stencilid>
        <design:customstencil xmlns:design="http://flowable.org/design"><![CDATA[true]]></design:customstencil>
        <design:customnamespace xmlns:design="http://flowable.org/design"><![CDATA[http://b3mn.org/stencilset/default.flowable.process.palette.xml#]]></design:customnamespace>
        <design:bordercolor xmlns:design="http://flowable.org/design"><![CDATA[#000000]]></design:bordercolor>
        <design:bgcolor xmlns:design="http://flowable.org/design"><![CDATA[#ffffff]]></design:bgcolor>
        <design:customstencilid xmlns:design="http://flowable.org/design"><![CDATA[cloudsequenceflow]]></design:customstencilid>
        <design:xmlTag xmlns:design="http://flowable.org/design"><![CDATA[SequenceFlow]]></design:xmlTag>
      </extensionElements>
    </sequenceFlow>
    <sequenceFlow id="sequenceflow2" sourceRef="servicetask1" targetRef="servicetask2">
      <extensionElements>
        <design:conditiontype xmlns:design="http://flowable.org/design"><![CDATA[None]]></design:conditiontype>
        <design:isimmediate xmlns:design="http://flowable.org/design"><![CDATA[false]]></design:isimmediate>
        <design:stencilsuperids xmlns:design="http://flowable.org/design"><![CDATA[["SequenceFlow"]]]></design:stencilsuperids>
        <design:defaultflow xmlns:design="http://flowable.org/design"><![CDATA[false]]></design:defaultflow>
        <design:stencilsuperid xmlns:design="http://flowable.org/design"><![CDATA[SequenceFlow]]></design:stencilsuperid>
        <design:id xmlns:design="http://flowable.org/design"><![CDATA[sequenceflow2]]></design:id>
        <design:showdiamondmarker xmlns:design="http://flowable.org/design"><![CDATA[false]]></design:showdiamondmarker>
        <design:stencilid xmlns:design="http://flowable.org/design"><![CDATA[cloudsequenceflow]]></design:stencilid>
        <design:customstencil xmlns:design="http://flowable.org/design"><![CDATA[true]]></design:customstencil>
        <design:customnamespace xmlns:design="http://flowable.org/design"><![CDATA[http://b3mn.org/stencilset/default.flowable.process.palette.xml#]]></design:customnamespace>
        <design:bordercolor xmlns:design="http://flowable.org/design"><![CDATA[#000000]]></design:bordercolor>
        <design:bgcolor xmlns:design="http://flowable.org/design"><![CDATA[#ffffff]]></design:bgcolor>
        <design:customstencilid xmlns:design="http://flowable.org/design"><![CDATA[cloudsequenceflow]]></design:customstencilid>
        <design:xmlTag xmlns:design="http://flowable.org/design"><![CDATA[SequenceFlow]]></design:xmlTag>
      </extensionElements>
    </sequenceFlow>
    <sequenceFlow id="sequenceflow3" sourceRef="servicetask2" targetRef="servicetask3">
      <extensionElements>
        <design:conditiontype xmlns:design="http://flowable.org/design"><![CDATA[None]]></design:conditiontype>
        <design:isimmediate xmlns:design="http://flowable.org/design"><![CDATA[false]]></design:isimmediate>
        <design:stencilsuperids xmlns:design="http://flowable.org/design"><![CDATA[["SequenceFlow"]]]></design:stencilsuperids>
        <design:defaultflow xmlns:design="http://flowable.org/design"><![CDATA[false]]></design:defaultflow>
        <design:stencilsuperid xmlns:design="http://flowable.org/design"><![CDATA[SequenceFlow]]></design:stencilsuperid>
        <design:id xmlns:design="http://flowable.org/design"><![CDATA[sequenceflow3]]></design:id>
        <design:showdiamondmarker xmlns:design="http://flowable.org/design"><![CDATA[false]]></design:showdiamondmarker>
        <design:stencilid xmlns:design="http://flowable.org/design"><![CDATA[cloudsequenceflow]]></design:stencilid>
        <design:customstencil xmlns:design="http://flowable.org/design"><![CDATA[true]]></design:customstencil>
        <design:customnamespace xmlns:design="http://flowable.org/design"><![CDATA[http://b3mn.org/stencilset/default.flowable.process.palette.xml#]]></design:customnamespace>
        <design:bordercolor xmlns:design="http://flowable.org/design"><![CDATA[#000000]]></design:bordercolor>
        <design:bgcolor xmlns:design="http://flowable.org/design"><![CDATA[#ffffff]]></design:bgcolor>
        <design:customstencilid xmlns:design="http://flowable.org/design"><![CDATA[cloudsequenceflow]]></design:customstencilid>
        <design:xmlTag xmlns:design="http://flowable.org/design"><![CDATA[SequenceFlow]]></design:xmlTag>
      </extensionElements>
    </sequenceFlow>
    <sequenceFlow id="sequenceflow4" sourceRef="servicetask3" targetRef="endnoneevent1">
      <extensionElements>
        <design:conditiontype xmlns:design="http://flowable.org/design"><![CDATA[None]]></design:conditiontype>
        <design:isimmediate xmlns:design="http://flowable.org/design"><![CDATA[false]]></design:isimmediate>
        <design:stencilsuperids xmlns:design="http://flowable.org/design"><![CDATA[["SequenceFlow"]]]></design:stencilsuperids>
        <design:defaultflow xmlns:design="http://flowable.org/design"><![CDATA[false]]></design:defaultflow>
        <design:stencilsuperid xmlns:design="http://flowable.org/design"><![CDATA[SequenceFlow]]></design:stencilsuperid>
        <design:id xmlns:design="http://flowable.org/design"><![CDATA[sequenceflow4]]></design:id>
        <design:showdiamondmarker xmlns:design="http://flowable.org/design"><![CDATA[false]]></design:showdiamondmarker>
        <design:stencilid xmlns:design="http://flowable.org/design"><![CDATA[cloudsequenceflow]]></design:stencilid>
        <design:customstencil xmlns:design="http://flowable.org/design"><![CDATA[true]]></design:customstencil>
        <design:customnamespace xmlns:design="http://flowable.org/design"><![CDATA[http://b3mn.org/stencilset/default.flowable.process.palette.xml#]]></design:customnamespace>
        <design:bordercolor xmlns:design="http://flowable.org/design"><![CDATA[#000000]]></design:bordercolor>
        <design:bgcolor xmlns:design="http://flowable.org/design"><![CDATA[#ffffff]]></design:bgcolor>
        <design:customstencilid xmlns:design="http://flowable.org/design"><![CDATA[cloudsequenceflow]]></design:customstencilid>
        <design:xmlTag xmlns:design="http://flowable.org/design"><![CDATA[SequenceFlow]]></design:xmlTag>
      </extensionElements>
    </sequenceFlow>
  </process>
  <bpmndi:BPMNDiagram id="BPMNDiagram_Collaboration">
    <bpmndi:BPMNPlane bpmnElement="Collaboration" id="BPMNPlane_Collaboration">
      <bpmndi:BPMNShape bpmnElement="pool1" id="BPMNShape_pool1">
        <omgdc:Bounds height="250.0" width="864.0" x="60.0" y="102.0"></omgdc:Bounds>
      </bpmndi:BPMNShape>
      <bpmndi:BPMNShape bpmnElement="lane1" id="BPMNShape_lane1">
        <omgdc:Bounds height="250.0" width="834.0" x="90.0" y="102.0"></omgdc:Bounds>
      </bpmndi:BPMNShape>
      <bpmndi:BPMNShape bpmnElement="startnoneevent1" id="BPMNShape_startnoneevent1">
        <omgdc:Bounds height="30.0" width="30.0" x="135.0" y="212.0"></omgdc:Bounds>
      </bpmndi:BPMNShape>
      <bpmndi:BPMNShape bpmnElement="servicetask1" id="BPMNShape_servicetask1">
        <omgdc:Bounds height="80.0" width="100.0" x="195.0" y="187.0"></omgdc:Bounds>
      </bpmndi:BPMNShape>
      <bpmndi:BPMNShape bpmnElement="servicetask2" id="BPMNShape_servicetask2">
        <omgdc:Bounds height="80.0" width="100.0" x="325.0" y="187.0"></omgdc:Bounds>
      </bpmndi:BPMNShape>
      <bpmndi:BPMNShape bpmnElement="endnoneevent1" id="BPMNShape_endnoneevent1">
        <omgdc:Bounds height="28.0" width="28.0" x="599.0" y="213.0"></omgdc:Bounds>
      </bpmndi:BPMNShape>
      <bpmndi:BPMNShape bpmnElement="servicetask3" id="BPMNShape_servicetask3">
        <omgdc:Bounds height="80.0" width="100.0" x="463.0" y="187.0"></omgdc:Bounds>
      </bpmndi:BPMNShape>
      <bpmndi:BPMNEdge bpmnElement="sequenceflow2" id="BPMNEdge_sequenceflow2">
        <omgdi:waypoint x="294.949999999978" y="227.0"></omgdi:waypoint>
        <omgdi:waypoint x="324.9999999999902" y="227.0"></omgdi:waypoint>
      </bpmndi:BPMNEdge>
      <bpmndi:BPMNEdge bpmnElement="sequenceflow1" id="BPMNEdge_sequenceflow1">
        <omgdi:waypoint x="164.94999797575198" y="227.0"></omgdi:waypoint>
        <omgdi:waypoint x="194.99999999999278" y="227.0"></omgdi:waypoint>
      </bpmndi:BPMNEdge>
      <bpmndi:BPMNEdge bpmnElement="sequenceflow4" id="BPMNEdge_sequenceflow4">
        <omgdi:waypoint x="562.95" y="227.0"></omgdi:waypoint>
        <omgdi:waypoint x="599.0" y="227.0"></omgdi:waypoint>
      </bpmndi:BPMNEdge>
      <bpmndi:BPMNEdge bpmnElement="sequenceflow3" id="BPMNEdge_sequenceflow3">
        <omgdi:waypoint x="424.95000000000005" y="227.0"></omgdi:waypoint>
        <omgdi:waypoint x="462.99999999996027" y="227.0"></omgdi:waypoint>
      </bpmndi:BPMNEdge>
    </bpmndi:BPMNPlane>
  </bpmndi:BPMNDiagram>
</definitions>