<?xml version="1.0" encoding="UTF-8"?>
<definitions xmlns="http://www.omg.org/spec/BPMN/20100524/MODEL" xmlns:bpmndi="http://www.omg.org/spec/BPMN/20100524/DI"
             xmlns:edoras="http://www.edorasware.com/schema/bpmn" xmlns:edoras-vis="http://www.edorasware.com/schema/vis"
             xmlns:flowable="http://flowable.org/bpmn" xmlns:omgdc="http://www.omg.org/spec/DD/20100524/DC" xmlns:omgdi="http://www.omg.org/spec/DD/20100524/DI"
             xmlns:signavio="http://www.signavio.com" xmlns:xsi="http://www.w3.org/2001/XMLSchema-instance" exporter="6.3.0-SNAPSHOT"
             exporterVersion="6.3.0-SNAPSHOT" targetNamespace="http://www.edorasware.com"
             xsi:schemaLocation="http://www.omg.org/spec/BPMN/20100524/MODEL http://www.omg.org/spec/BPMN/2.0/20100501/BPMN20.xsd http://www.omg.org/spec/BPMN/20100524/DI http://www.omg.org/spec/BPMN/2.0/20100501/BPMNDI.xsd http://www.omg.org/spec/DD/20100524/DC http://www.omg.org/spec/BPMN/2.0/20100501/DC.xsd http://www.omg.org/spec/DD/20100524/DI http://www.omg.org/spec/BPMN/2.0/20100501/DI.xsd http://www.edorasware.com/schema/bpmn http://www.edorasware.com/schema/bpmn/edoras-bpmn-extensions-3.0.2.xsd http://www.edorasware.com/schema/vis http://www.edorasware.com/schema/vis/edoras-vis-extensions-2.0.0.xsd">
    <process id="P014-whatsApp-userTimeout" isExecutable="true" name="WhatsApp User Timeout process">
        <extensionElements>
            <edoras:property key="guid" value="PROCESS_MODEL-bc721217-fd67-41c6-a162-6ee673a016f0"/>
            <edoras:property key="actions" value=""/>
            <edoras-vis:property key="creationdate" value=""/>
            <edoras-vis:property key="notes" value=""/>
            <edoras-vis:property key="labelexpression" value=""/>
            <edoras-vis:property key="isexecutable" value="false"/>
            <edoras-vis:property key="fontsize" value=""/>
            <edoras-vis:property key="language" value=""/>
            <edoras-vis:property key="genericproperty" value=""/>
            <edoras-vis:property key="stencilsuperids" value="[&quot;BPMNDiagram&quot;]"/>
            <edoras-vis:property key="name_en_us" value=""/>
            <edoras-vis:property key="fontweight" value=""/>
            <edoras-vis:property key="fontstyle" value=""/>
            <edoras-vis:property key="documentation_i18n-key" value=""/>
            <edoras-vis:property key="fontcolor" value=""/>
            <edoras-vis:property key="stencilsuperid" value="BPMNDiagram"/>
            <edoras-vis:property key="id" value="P014-whatsApp-userTimeout"/>
            <edoras-vis:property key="name_i18n-key" value=""/>
            <edoras-vis:property key="stencilid" value="BPMNDiagram"/>
            <edoras-vis:property key="customstencil" value="true"/>
            <edoras-vis:property key="author" value=""/>
            <edoras-vis:property key="documentation" value=""/>
            <edoras-vis:property key="modificationdate" value=""/>
            <edoras-vis:property key="version" value=""/>
            <edoras-vis:property key="bordercolor" value=""/>
            <edoras-vis:property key="oldresourceid" value=""/>
            <edoras-vis:property key="bgcolor" value=""/>
            <edoras-vis:property key="xmltag" value="BPMNDiagram"/>
            <edoras-vis:property key="isprocessexecutable" value="true"/>
            <edoras-vis:property key="name" value="WhatsApp User Timeout process"/>
            <edoras-vis:property key="guid" value="PROCESS_MODEL-bc721217-fd67-41c6-a162-6ee673a016f0"/>
            <edoras-vis:property key="documentation_en_us" value=""/>
            <edoras-vis:property key="actions" value=""/>
            <edoras-vis:property key="namespaces" value=""/>
        </extensionElements>
        <endEvent id="sid-DBD44E8C-A676-4DAB-B412-B9B165CF7250">
            <extensionElements>
                <signavio:signavioLabel ref="text_name"
                                        styles="{&quot;size&quot;:&quot;12&quot;,&quot;bold&quot;:false,&quot;fill&quot;:&quot;#000000&quot;,&quot;italic&quot;:false}"/>
                <edoras-vis:property key="stencilid" value="EndNoneEvent"/>
                <edoras-vis:property key="notes" value=""/>
                <edoras-vis:property key="customstencil" value="false"/>
                <edoras-vis:property key="documentation" value=""/>
                <edoras-vis:property key="fontsize" value=""/>
                <edoras-vis:property key="executionlistener" value=""/>
                <edoras-vis:property key="genericproperty" value=""/>
                <edoras-vis:property key="trigger" value="None"/>
                <edoras-vis:property key="bordercolor" value="#000000"/>
                <edoras-vis:property key="stencilsuperids" value="[&quot;EndNoneEvent&quot;]"/>
                <edoras-vis:property key="name_en_us" value=""/>
                <edoras-vis:property key="oldresourceid" value="sid-DBD44E8C-A676-4DAB-B412-B9B165CF7250"/>
                <edoras-vis:property key="fontweight" value=""/>
                <edoras-vis:property key="fontstyle" value=""/>
                <edoras-vis:property key="bgcolor" value="#ffffff"/>
                <edoras-vis:property key="xmltag" value="EndNoneEvent"/>
                <edoras-vis:property key="documentation_i18n-key" value=""/>
                <edoras-vis:property key="name" value=""/>
                <edoras-vis:property key="fontcolor" value=""/>
                <edoras-vis:property key="stencilsuperid" value="EndNoneEvent"/>
                <edoras-vis:property key="id" value="sid-DBD44E8C-A676-4DAB-B412-B9B165CF7250"/>
                <edoras-vis:property key="documentation_en_us" value=""/>
                <edoras-vis:property key="name_i18n-key" value=""/>
            </extensionElements>
        </endEvent>
        <serviceTask flowable:async="false" flowable:expression="#{conversationService.addTags(clientConversationId, listOf('timeout'))}" id="cloudservicetask3"
                     name="Tag Conversation with Timeout">
            <extensionElements>
                <flowable:field expression="false" name="disablesecurity"/>
                <signavio:signavioLabel ref="text_name"
                                        styles="{&quot;size&quot;:&quot;12&quot;,&quot;bold&quot;:false,&quot;fill&quot;:&quot;#000000&quot;,&quot;italic&quot;:false}"/>
                <edoras:property key="i18n.en.name" value="Tag Conversation with Timeout"/>
                <edoras-vis:property key="callacitivity" value="false"/>
                <edoras-vis:property key="notes" value=""/>
                <edoras-vis:property key="looptype" value="None"/>
                <edoras-vis:property key="classfields" value=""/>
                <edoras-vis:property key="completioncondition" value=""/>
                <edoras-vis:property key="fontsize" value=""/>
                <edoras-vis:property key="loopelementindexvariable" value="loopCounter"/>
                <edoras-vis:property key="genericproperty" value=""/>
                <edoras-vis:property key="loopcardinality" value=""/>
                <edoras-vis:property key="stencilsuperids" value="[&quot;Task&quot;,&quot;ServiceTask&quot;]"/>
                <edoras-vis:property key="name_en_us" value="Tag Conversation with Timeout"/>
                <edoras-vis:property key="resultvariable" value=""/>
                <edoras-vis:property key="fontweight" value=""/>
                <edoras-vis:property key="fontstyle" value=""/>
                <edoras-vis:property key="fontcolor" value=""/>
                <edoras-vis:property key="exclusive" value="true"/>
                <edoras-vis:property key="stencilsuperid" value="ServiceTask"/>
                <edoras-vis:property key="categories" value=""/>
                <edoras-vis:property key="disablesecurity" value="false"/>
                <edoras-vis:property key="id" value="cloudservicetask3"/>
                <edoras-vis:property key="skipexpression" value=""/>
                <edoras-vis:property key="class" value=""/>
                <edoras-vis:property key="name_i18n-key" value=""/>
                <edoras-vis:property key="stencilid" value="cloudservicetask"/>
                <edoras-vis:property key="expression" value="#{conversationService.addTags(clientConversationId, listOf('timeout'))}"/>
                <edoras-vis:property key="tasktype" value="Service"/>
                <edoras-vis:property key="customstencil" value="true"/>
                <edoras-vis:property key="documentation" value=""/>
                <edoras-vis:property key="loopcollection" value=""/>
                <edoras-vis:property key="name-run" value=""/>
                <edoras-vis:property key="name_en_us-run" value=""/>
                <edoras-vis:property key="customnamespace" value="http://b3mn.org/stencilset/default.flowable.process.palette.xml#"/>
                <edoras-vis:property key="bordercolor" value="#000000"/>
                <edoras-vis:property key="delegateexpression" value=""/>
                <edoras-vis:property key="async" value="false"/>
                <edoras-vis:property key="oldresourceid" value=""/>
                <edoras-vis:property key="bgcolor" value="#ffffff"/>
                <edoras-vis:property key="customstencilid" value="cloudservicetask"/>
                <edoras-vis:property key="xmltag" value="ServiceTask"/>
                <edoras-vis:property key="loopelementvariable" value=""/>
                <edoras-vis:property key="name" value="Tag Conversation with Timeout"/>
                <edoras-vis:property key="guid" value="GEAR-df444b72-2e58-4614-84dd-b6cdc1b0b92e"/>
                <edoras-vis:property key="isforcompensation" value="false"/>
                <edoras-vis:property key="properties" value=""/>
            </extensionElements>
        </serviceTask>
        <serviceTask flowable:async="false"
                     flowable:expression="#{conversationsFn.sendInternalMessage(clientConversationId, 'digital.assistant', template:createMessage('whatsAppUserTimeOutMessage', null))}"
                     id="cloudservicetask6" name="send internal message to conversation">
            <extensionElements>
                <flowable:field expression="false" name="disablesecurity"/>
                <signavio:signavioLabel ref="text_name"
                                        styles="{&quot;size&quot;:&quot;12&quot;,&quot;bold&quot;:false,&quot;fill&quot;:&quot;#000000&quot;,&quot;italic&quot;:false}"/>
                <edoras:property key="i18n.en.name" value="send internal message to conversation"/>
                <edoras-vis:property key="callacitivity" value="false"/>
                <edoras-vis:property key="notes" value=""/>
                <edoras-vis:property key="looptype" value="None"/>
                <edoras-vis:property key="classfields" value=""/>
                <edoras-vis:property key="completioncondition" value=""/>
                <edoras-vis:property key="fontsize" value=""/>
                <edoras-vis:property key="loopelementindexvariable" value="loopCounter"/>
                <edoras-vis:property key="genericproperty" value=""/>
                <edoras-vis:property key="loopcardinality" value=""/>
                <edoras-vis:property key="stencilsuperids" value="[&quot;Task&quot;,&quot;ServiceTask&quot;]"/>
                <edoras-vis:property key="name_en_us" value="send internal message to conversation"/>
                <edoras-vis:property key="resultvariable" value=""/>
                <edoras-vis:property key="fontweight" value=""/>
                <edoras-vis:property key="fontstyle" value=""/>
                <edoras-vis:property key="fontcolor" value=""/>
                <edoras-vis:property key="exclusive" value="true"/>
                <edoras-vis:property key="stencilsuperid" value="ServiceTask"/>
                <edoras-vis:property key="categories" value=""/>
                <edoras-vis:property key="disablesecurity" value="false"/>
                <edoras-vis:property key="id" value="cloudservicetask6"/>
                <edoras-vis:property key="skipexpression" value=""/>
                <edoras-vis:property key="class" value=""/>
                <edoras-vis:property key="name_i18n-key" value=""/>
                <edoras-vis:property key="stencilid" value="cloudservicetask"/>
                <edoras-vis:property key="expression"
                                     value="#{conversationsFn.sendInternalMessage(clientConversationId, 'digital.assistant', template:createMessage('whatsAppUserTimeOutMessage', null))}"/>
                <edoras-vis:property key="tasktype" value="Service"/>
                <edoras-vis:property key="customstencil" value="true"/>
                <edoras-vis:property key="documentation" value=""/>
                <edoras-vis:property key="loopcollection" value=""/>
                <edoras-vis:property key="name-run" value=""/>
                <edoras-vis:property key="name_en_us-run" value=""/>
                <edoras-vis:property key="customnamespace" value="http://b3mn.org/stencilset/default.flowable.process.palette.xml#"/>
                <edoras-vis:property key="bordercolor" value="#000000"/>
                <edoras-vis:property key="delegateexpression" value=""/>
                <edoras-vis:property key="async" value="false"/>
                <edoras-vis:property key="oldresourceid" value=""/>
                <edoras-vis:property key="bgcolor" value="#ffffff"/>
                <edoras-vis:property key="customstencilid" value="cloudservicetask"/>
                <edoras-vis:property key="xmltag" value="ServiceTask"/>
                <edoras-vis:property key="loopelementvariable" value=""/>
                <edoras-vis:property key="name" value="send internal message to conversation"/>
                <edoras-vis:property key="guid" value="GEAR-dfd4b87e-f134-4972-8846-04b40a350c97"/>
                <edoras-vis:property key="isforcompensation" value="false"/>
                <edoras-vis:property key="properties" value=""/>
            </extensionElements>
        </serviceTask>
        <serviceTask flowable:async="false" flowable:expression="#{conversationProcessService.sendActionDefinition(execution)}" id="send-action-definition13"
                     name="Send Template Action to Conversation">
            <extensionElements>
                <flowable:field expression="false" name="disablesecurity"/>
                <signavio:signavioLabel ref="text_name"
                                        styles="{&quot;size&quot;:&quot;12&quot;,&quot;bold&quot;:false,&quot;fill&quot;:&quot;#000000&quot;,&quot;italic&quot;:false}"/>
                <edoras:property key="sendfollowuptasks" value="false"/>
                <edoras:property key="expression" value="#{conversationProcessService.sendActionDefinition(execution)}"/>
                <edoras:property key="conversationid" value="#{clientConversationId}"/>
                <edoras:property key="sendinguserid" value="digital.assistant"/>
                <edoras:property key="signalname" value="f"/>
                <edoras:property key="processid" value="#{id}"/>
                <edoras:property key="decisionvariable" value="f"/>
                <edoras:property key="receivinguserid" value=""/>
                <edoras:property key="stickymessage"
                                 value="#{template:createMessage('whatsAppStickyTemplateMessage', mapOf('messagesLeft', userInfo:findUserInfo('whatsappTemplateCounter', findUser(clientUserId))))}"/>
                <edoras:property key="actiondefinitionkey" value="create-whatsapp-template-action"/>
                <edoras:property key="decisionname" value="f"/>
                <edoras-vis:property key="notes" value=""/>
                <edoras-vis:property key="sendinguserid" value="digital.assistant"/>
                <edoras-vis:property key="fontsize" value=""/>
                <edoras-vis:property key="loopelementindexvariable" value="loopCounter"/>
                <edoras-vis:property key="fontstyle" value=""/>
                <edoras-vis:property key="fontcolor" value=""/>
                <edoras-vis:property key="exclusive" value="true"/>
                <edoras-vis:property key="id" value="send-action-definition13"/>
                <edoras-vis:property key="skipexpression" value=""/>
                <edoras-vis:property key="name_i18n-key" value=""/>
                <edoras-vis:property key="stencilid" value="send-action-definition"/>
                <edoras-vis:property key="tasktype" value="Service"/>
                <edoras-vis:property key="customstencil" value="true"/>
                <edoras-vis:property key="documentation" value=""/>
                <edoras-vis:property key="customnamespace" value="http://b3mn.org/stencilset/questionnaire.process.palette.xml#"/>
                <edoras-vis:property key="bgcolor" value="#ffffff"/>
                <edoras-vis:property key="loopelementvariable" value=""/>
                <edoras-vis:property key="decisionvariable" value="f"/>
                <edoras-vis:property key="name" value="Send Template Action to Conversation"/>
                <edoras-vis:property key="receivinguserid" value=""/>
                <edoras-vis:property key="guid" value="GEAR-1b462787-1f39-478f-81cc-177b4ed8e1e7"/>
                <edoras-vis:property key="decisionname" value="f"/>
                <edoras-vis:property key="callacitivity" value="false"/>
                <edoras-vis:property key="sendfollowuptasks" value="false"/>
                <edoras-vis:property key="looptype" value="None"/>
                <edoras-vis:property key="conversationid" value="#{clientConversationId}"/>
                <edoras-vis:property key="completioncondition" value=""/>
                <edoras-vis:property key="genericproperty" value=""/>
                <edoras-vis:property key="loopcardinality" value=""/>
                <edoras-vis:property key="stencilsuperids" value="[&quot;Task&quot;,&quot;ServiceTask&quot;]"/>
                <edoras-vis:property key="name_en_us" value="Send Template Action to Conversation"/>
                <edoras-vis:property key="resultvariable" value=""/>
                <edoras-vis:property key="fontweight" value=""/>
                <edoras-vis:property key="documentation_i18n-key" value=""/>
                <edoras-vis:property key="stencilsuperid" value="ServiceTask"/>
                <edoras-vis:property key="categories" value=""/>
                <edoras-vis:property key="disablesecurity" value="false"/>
                <edoras-vis:property key="class" value=""/>
                <edoras-vis:property key="expression" value="#{conversationProcessService.sendActionDefinition(execution)}"/>
                <edoras-vis:property key="loopcollection" value=""/>
                <edoras-vis:property key="bordercolor" value="#000000"/>
                <edoras-vis:property key="delegateexpression" value=""/>
                <edoras-vis:property key="async" value="false"/>
                <edoras-vis:property key="oldresourceid" value="sid-4E7585A2-7406-434E-8075-2C436B527AFA"/>
                <edoras-vis:property key="signalname" value="f"/>
                <edoras-vis:property key="customstencilid" value="send-action-definition"/>
                <edoras-vis:property key="xmltag" value="ServiceTask"/>
                <edoras-vis:property key="processid" value="#{id}"/>
                <edoras-vis:property key="isforcompensation" value="false"/>
                <edoras-vis:property key="stickymessage"
                                     value="#{template:createMessage('whatsAppStickyTemplateMessage', mapOf('messagesLeft', userInfo:findUserInfo('whatsappTemplateCounter', findUser(clientUserId))))}"/>
                <edoras-vis:property key="documentation_en_us" value=""/>
                <edoras-vis:property key="actiondefinitionkey" value="create-whatsapp-template-action"/>
                <edoras-vis:property key="properties" value=""/>
            </extensionElements>
        </serviceTask>
        <exclusiveGateway gatewayDirection="Converging" id="cloudexclusivedatabasedgateway2">
            <extensionElements>
                <signavio:signavioLabel ref="text_name"
                                        styles="{&quot;size&quot;:&quot;12&quot;,&quot;bold&quot;:false,&quot;fill&quot;:&quot;#000000&quot;,&quot;italic&quot;:false}"/>
                <edoras:property key="i18n.en.name" value=""/>
                <edoras-vis:property key="notes" value=""/>
                <edoras-vis:property key="markervisible" value="true"/>
                <edoras-vis:property key="sequencefloworder" value=""/>
                <edoras-vis:property key="xortype" value=""/>
                <edoras-vis:property key="fontsize" value=""/>
                <edoras-vis:property key="genericproperty" value=""/>
                <edoras-vis:property key="stencilsuperids" value="[&quot;Exclusive_Databased_Gateway&quot;]"/>
                <edoras-vis:property key="name_en_us" value=""/>
                <edoras-vis:property key="fontweight" value=""/>
                <edoras-vis:property key="fontstyle" value=""/>
                <edoras-vis:property key="fontcolor" value=""/>
                <edoras-vis:property key="exclusive" value="true"/>
                <edoras-vis:property key="stencilsuperid" value="Exclusive_Databased_Gateway"/>
                <edoras-vis:property key="categories" value=""/>
                <edoras-vis:property key="id" value="cloudexclusivedatabasedgateway2"/>
                <edoras-vis:property key="name_i18n-key" value=""/>
                <edoras-vis:property key="stencilid" value="cloudexclusivedatabasedgateway"/>
                <edoras-vis:property key="gatewaytype" value=""/>
                <edoras-vis:property key="gate_assignments" value=""/>
                <edoras-vis:property key="customstencil" value="true"/>
                <edoras-vis:property key="documentation" value=""/>
                <edoras-vis:property key="name-run" value=""/>
                <edoras-vis:property key="name_en_us-run" value=""/>
                <edoras-vis:property key="customnamespace" value="http://b3mn.org/stencilset/default.flowable.process.palette.xml#"/>
                <edoras-vis:property key="bordercolor" value="#000000"/>
                <edoras-vis:property key="defaultgate" value=""/>
                <edoras-vis:property key="oldresourceid" value=""/>
                <edoras-vis:property key="bgcolor" value="#ffffff"/>
                <edoras-vis:property key="customstencilid" value="cloudexclusivedatabasedgateway"/>
                <edoras-vis:property key="xmltag" value="Exclusive_Databased_Gateway"/>
                <edoras-vis:property key="name" value=""/>
                <edoras-vis:property key="gate_outgoingsequenceflow" value=""/>
            </extensionElements>
        </exclusiveGateway>
        <serviceTask flowable:async="false"
                     flowable:expression="${setPlatformUserInfo(clientUserId, 'whatsappTemplateCounter', propertyConfigurationService.getIntegerProperty('flowable.external.ubs.whatsapp.template.max-messages', 5))}"
                     id="cloudservicetask7" name="Set counter info on client">
            <extensionElements>
                <flowable:field expression="false" name="disablesecurity"/>
                <signavio:signavioLabel ref="text_name"
                                        styles="{&quot;size&quot;:&quot;12&quot;,&quot;bold&quot;:false,&quot;fill&quot;:&quot;#000000&quot;,&quot;italic&quot;:false}"/>
                <edoras:property key="i18n.en.name" value="Set counter info on client"/>
                <edoras-vis:property key="callacitivity" value="false"/>
                <edoras-vis:property key="notes" value=""/>
                <edoras-vis:property key="looptype" value="None"/>
                <edoras-vis:property key="classfields" value=""/>
                <edoras-vis:property key="completioncondition" value=""/>
                <edoras-vis:property key="fontsize" value=""/>
                <edoras-vis:property key="loopelementindexvariable" value="loopCounter"/>
                <edoras-vis:property key="genericproperty" value=""/>
                <edoras-vis:property key="loopcardinality" value=""/>
                <edoras-vis:property key="stencilsuperids" value="[&quot;Task&quot;,&quot;ServiceTask&quot;]"/>
                <edoras-vis:property key="name_en_us" value="Set counter info on client"/>
                <edoras-vis:property key="resultvariable" value=""/>
                <edoras-vis:property key="fontweight" value=""/>
                <edoras-vis:property key="fontstyle" value=""/>
                <edoras-vis:property key="fontcolor" value=""/>
                <edoras-vis:property key="exclusive" value="true"/>
                <edoras-vis:property key="stencilsuperid" value="ServiceTask"/>
                <edoras-vis:property key="categories" value=""/>
                <edoras-vis:property key="disablesecurity" value="false"/>
                <edoras-vis:property key="id" value="cloudservicetask7"/>
                <edoras-vis:property key="skipexpression" value=""/>
                <edoras-vis:property key="class" value=""/>
                <edoras-vis:property key="name_i18n-key" value=""/>
                <edoras-vis:property key="stencilid" value="cloudservicetask"/>
                <edoras-vis:property key="expression"
                                     value="${setPlatformUserInfo(clientUserId, 'whatsappTemplateCounter', propertyConfigurationService.getIntegerProperty('flowable.external.ubs.whatsapp.template.max-messages', 5))}"/>
                <edoras-vis:property key="tasktype" value="Service"/>
                <edoras-vis:property key="customstencil" value="true"/>
                <edoras-vis:property key="documentation" value=""/>
                <edoras-vis:property key="loopcollection" value=""/>
                <edoras-vis:property key="name-run" value=""/>
                <edoras-vis:property key="name_en_us-run" value=""/>
                <edoras-vis:property key="customnamespace" value="http://b3mn.org/stencilset/default.flowable.process.palette.xml#"/>
                <edoras-vis:property key="bordercolor" value="#000000"/>
                <edoras-vis:property key="delegateexpression" value=""/>
                <edoras-vis:property key="async" value="false"/>
                <edoras-vis:property key="oldresourceid" value=""/>
                <edoras-vis:property key="bgcolor" value="#ffffff"/>
                <edoras-vis:property key="customstencilid" value="cloudservicetask"/>
                <edoras-vis:property key="xmltag" value="ServiceTask"/>
                <edoras-vis:property key="loopelementvariable" value=""/>
                <edoras-vis:property key="name" value="Set counter info on client"/>
                <edoras-vis:property key="guid" value="GEAR-e3d60bce-b9cc-45ea-b076-c79a77071b09"/>
                <edoras-vis:property key="isforcompensation" value="false"/>
                <edoras-vis:property key="properties" value=""/>
            </extensionElements>
        </serviceTask>
        <exclusiveGateway default="cloudsequenceflow5" gatewayDirection="Diverging" id="cloudexclusivedatabasedgateway1">
            <extensionElements>
                <signavio:signavioLabel ref="text_name"
                                        styles="{&quot;size&quot;:&quot;12&quot;,&quot;bold&quot;:false,&quot;fill&quot;:&quot;#000000&quot;,&quot;italic&quot;:false}"/>
                <edoras:property key="i18n.en.name" value=""/>
                <edoras-vis:property key="notes" value=""/>
                <edoras-vis:property key="markervisible" value="true"/>
                <edoras-vis:property key="sequencefloworder" value=""/>
                <edoras-vis:property key="xortype" value=""/>
                <edoras-vis:property key="fontsize" value=""/>
                <edoras-vis:property key="genericproperty" value=""/>
                <edoras-vis:property key="stencilsuperids" value="[&quot;Exclusive_Databased_Gateway&quot;]"/>
                <edoras-vis:property key="name_en_us" value=""/>
                <edoras-vis:property key="fontweight" value=""/>
                <edoras-vis:property key="fontstyle" value=""/>
                <edoras-vis:property key="fontcolor" value=""/>
                <edoras-vis:property key="exclusive" value="true"/>
                <edoras-vis:property key="stencilsuperid" value="Exclusive_Databased_Gateway"/>
                <edoras-vis:property key="categories" value=""/>
                <edoras-vis:property key="id" value="cloudexclusivedatabasedgateway1"/>
                <edoras-vis:property key="name_i18n-key" value=""/>
                <edoras-vis:property key="stencilid" value="cloudexclusivedatabasedgateway"/>
                <edoras-vis:property key="gatewaytype" value=""/>
                <edoras-vis:property key="gate_assignments" value=""/>
                <edoras-vis:property key="customstencil" value="true"/>
                <edoras-vis:property key="documentation" value=""/>
                <edoras-vis:property key="name-run" value=""/>
                <edoras-vis:property key="name_en_us-run" value=""/>
                <edoras-vis:property key="customnamespace" value="http://b3mn.org/stencilset/default.flowable.process.palette.xml#"/>
                <edoras-vis:property key="bordercolor" value="#000000"/>
                <edoras-vis:property key="defaultgate" value=""/>
                <edoras-vis:property key="oldresourceid" value=""/>
                <edoras-vis:property key="bgcolor" value="#ffffff"/>
                <edoras-vis:property key="customstencilid" value="cloudexclusivedatabasedgateway"/>
                <edoras-vis:property key="xmltag" value="Exclusive_Databased_Gateway"/>
                <edoras-vis:property key="name" value=""/>
                <edoras-vis:property key="gate_outgoingsequenceflow" value=""/>
            </extensionElements>
        </exclusiveGateway>
        <intermediateCatchEvent id="cloudintermediatetimereventcatching1">
            <extensionElements>
                <signavio:signavioLabel ref="text_name"
                                        styles="{&quot;size&quot;:&quot;12&quot;,&quot;bold&quot;:false,&quot;fill&quot;:&quot;#000000&quot;,&quot;italic&quot;:false}"/>
                <edoras:property key="i18n.en.name" value=""/>
                <edoras-vis:property key="notes" value=""/>
                <edoras-vis:property key="fontsize" value=""/>
                <edoras-vis:property key="timerproperites"
                                     value="{&quot;timeduration&quot;:&quot;${propertyConfigurationService.getProperty('flowable.external-system.whatsapp.timeout.reschedule-duration', 'PT24H')}&quot;}"/>
                <edoras-vis:property key="genericproperty" value=""/>
                <edoras-vis:property key="timedate" value=""/>
                <edoras-vis:property key="stencilsuperids" value="[&quot;IntermediateTimerEvent&quot;]"/>
                <edoras-vis:property key="timecycle" value=""/>
                <edoras-vis:property key="name_en_us" value=""/>
                <edoras-vis:property key="fontweight" value=""/>
                <edoras-vis:property key="fontstyle" value=""/>
                <edoras-vis:property key="fontcolor" value=""/>
                <edoras-vis:property key="stencilsuperid" value="IntermediateTimerEvent"/>
                <edoras-vis:property key="id" value="cloudintermediatetimereventcatching1"/>
                <edoras-vis:property key="name_i18n-key" value=""/>
                <edoras-vis:property key="stencilid" value="cloudintermediatetimereventcatching"/>
                <edoras-vis:property key="customstencil" value="true"/>
                <edoras-vis:property key="documentation" value=""/>
                <edoras-vis:property key="executionlistener" value=""/>
                <edoras-vis:property key="name-run" value=""/>
                <edoras-vis:property key="trigger" value="Timer"/>
                <edoras-vis:property key="name_en_us-run" value=""/>
                <edoras-vis:property key="customnamespace" value="http://b3mn.org/stencilset/default.flowable.process.palette.xml#"/>
                <edoras-vis:property key="bordercolor" value="#000000"/>
                <edoras-vis:property key="oldresourceid" value=""/>
                <edoras-vis:property key="bgcolor" value="#ffffff"/>
                <edoras-vis:property key="customstencilid" value="cloudintermediatetimereventcatching"/>
                <edoras-vis:property key="timeduration"
                                     value="${propertyConfigurationService.getProperty('flowable.external-system.whatsapp.timeout.reschedule-duration', 'PT24H')}"/>
                <edoras-vis:property key="xmltag" value="IntermediateTimerEvent"/>
                <edoras-vis:property key="name" value=""/>
            </extensionElements>
            <timerEventDefinition id="timerEventDefinition1">
                <timeDuration id="cloudintermediatetimereventcatching1_formalExpression1" xsi:type="tFormalExpression">
                    ${propertyConfigurationService.getProperty('flowable.external-system.whatsapp.timeout.reschedule-duration', 'PT24H')}
                </timeDuration>
            </timerEventDefinition>
        </intermediateCatchEvent>
        <serviceTask flowable:async="false" flowable:expression="${conversationService.removeTags(clientConversationId, listOf('timeout'))}"
                     id="cloudservicetask5" name="Untag timeout from conversation">
            <extensionElements>
                <flowable:field expression="false" name="disablesecurity"/>
                <signavio:signavioLabel ref="text_name"
                                        styles="{&quot;size&quot;:&quot;12&quot;,&quot;bold&quot;:false,&quot;fill&quot;:&quot;#000000&quot;,&quot;italic&quot;:false}"/>
                <edoras:property key="i18n.en.name" value="Untag timeout from conversation"/>
                <edoras-vis:property key="callacitivity" value="false"/>
                <edoras-vis:property key="notes" value=""/>
                <edoras-vis:property key="looptype" value="None"/>
                <edoras-vis:property key="classfields" value=""/>
                <edoras-vis:property key="completioncondition" value=""/>
                <edoras-vis:property key="fontsize" value=""/>
                <edoras-vis:property key="loopelementindexvariable" value="loopCounter"/>
                <edoras-vis:property key="genericproperty" value=""/>
                <edoras-vis:property key="loopcardinality" value=""/>
                <edoras-vis:property key="stencilsuperids" value="[&quot;Task&quot;,&quot;ServiceTask&quot;]"/>
                <edoras-vis:property key="name_en_us" value="Untag timeout from conversation"/>
                <edoras-vis:property key="resultvariable" value=""/>
                <edoras-vis:property key="fontweight" value=""/>
                <edoras-vis:property key="fontstyle" value=""/>
                <edoras-vis:property key="fontcolor" value=""/>
                <edoras-vis:property key="exclusive" value="true"/>
                <edoras-vis:property key="stencilsuperid" value="ServiceTask"/>
                <edoras-vis:property key="categories" value=""/>
                <edoras-vis:property key="disablesecurity" value="false"/>
                <edoras-vis:property key="id" value="cloudservicetask5"/>
                <edoras-vis:property key="skipexpression" value=""/>
                <edoras-vis:property key="class" value=""/>
                <edoras-vis:property key="name_i18n-key" value=""/>
                <edoras-vis:property key="stencilid" value="cloudservicetask"/>
                <edoras-vis:property key="expression" value="${conversationService.removeTags(clientConversationId, listOf('timeout'))}"/>
                <edoras-vis:property key="tasktype" value="Service"/>
                <edoras-vis:property key="customstencil" value="true"/>
                <edoras-vis:property key="documentation" value=""/>
                <edoras-vis:property key="loopcollection" value=""/>
                <edoras-vis:property key="name-run" value=""/>
                <edoras-vis:property key="name_en_us-run" value=""/>
                <edoras-vis:property key="customnamespace" value="http://b3mn.org/stencilset/default.flowable.process.palette.xml#"/>
                <edoras-vis:property key="bordercolor" value="#000000"/>
                <edoras-vis:property key="delegateexpression" value=""/>
                <edoras-vis:property key="async" value="false"/>
                <edoras-vis:property key="oldresourceid" value=""/>
                <edoras-vis:property key="bgcolor" value="#ffffff"/>
                <edoras-vis:property key="customstencilid" value="cloudservicetask"/>
                <edoras-vis:property key="xmltag" value="ServiceTask"/>
                <edoras-vis:property key="loopelementvariable" value=""/>
                <edoras-vis:property key="name" value="Untag timeout from conversation"/>
                <edoras-vis:property key="guid" value="GEAR-53593534-d80f-421e-90fe-8a2011627311"/>
                <edoras-vis:property key="isforcompensation" value="false"/>
                <edoras-vis:property key="properties" value=""/>
            </extensionElements>
        </serviceTask>
        <serviceTask flowable:async="false"
                     flowable:expression="#{conversationProcessService.removeMessagesForActionDefinition(clientConversationId, 'create-whatsapp-template-action', 'digital.assistant')}"
                     id="cloudservicetask4" name="Delete previous Action if present">
            <extensionElements>
                <flowable:field expression="false" name="disablesecurity"/>
                <signavio:signavioLabel ref="text_name"
                                        styles="{&quot;size&quot;:&quot;12&quot;,&quot;bold&quot;:false,&quot;fill&quot;:&quot;#000000&quot;,&quot;italic&quot;:false}"/>
                <edoras:property key="i18n.en.name" value="Delete previous Action if present"/>
                <edoras-vis:property key="callacitivity" value="false"/>
                <edoras-vis:property key="notes" value=""/>
                <edoras-vis:property key="looptype" value="None"/>
                <edoras-vis:property key="classfields" value=""/>
                <edoras-vis:property key="completioncondition" value=""/>
                <edoras-vis:property key="fontsize" value=""/>
                <edoras-vis:property key="loopelementindexvariable" value="loopCounter"/>
                <edoras-vis:property key="genericproperty" value=""/>
                <edoras-vis:property key="loopcardinality" value=""/>
                <edoras-vis:property key="stencilsuperids" value="[&quot;Task&quot;,&quot;ServiceTask&quot;]"/>
                <edoras-vis:property key="name_en_us" value="Delete previous Action if present"/>
                <edoras-vis:property key="resultvariable" value=""/>
                <edoras-vis:property key="fontweight" value=""/>
                <edoras-vis:property key="fontstyle" value=""/>
                <edoras-vis:property key="fontcolor" value=""/>
                <edoras-vis:property key="exclusive" value="true"/>
                <edoras-vis:property key="stencilsuperid" value="ServiceTask"/>
                <edoras-vis:property key="categories" value=""/>
                <edoras-vis:property key="disablesecurity" value="false"/>
                <edoras-vis:property key="id" value="cloudservicetask4"/>
                <edoras-vis:property key="skipexpression" value=""/>
                <edoras-vis:property key="class" value=""/>
                <edoras-vis:property key="name_i18n-key" value=""/>
                <edoras-vis:property key="stencilid" value="cloudservicetask"/>
                <edoras-vis:property key="expression"
                                     value="#{conversationProcessService.removeMessagesForActionDefinition(clientConversationId, 'create-whatsapp-template-action', 'digital.assistant')}"/>
                <edoras-vis:property key="tasktype" value="Service"/>
                <edoras-vis:property key="customstencil" value="true"/>
                <edoras-vis:property key="documentation" value=""/>
                <edoras-vis:property key="loopcollection" value=""/>
                <edoras-vis:property key="name-run" value=""/>
                <edoras-vis:property key="name_en_us-run" value=""/>
                <edoras-vis:property key="customnamespace" value="http://b3mn.org/stencilset/default.flowable.process.palette.xml#"/>
                <edoras-vis:property key="bordercolor" value="#000000"/>
                <edoras-vis:property key="delegateexpression" value=""/>
                <edoras-vis:property key="async" value="false"/>
                <edoras-vis:property key="oldresourceid" value=""/>
                <edoras-vis:property key="bgcolor" value="#ffffff"/>
                <edoras-vis:property key="customstencilid" value="cloudservicetask"/>
                <edoras-vis:property key="xmltag" value="ServiceTask"/>
                <edoras-vis:property key="loopelementvariable" value=""/>
                <edoras-vis:property key="name" value="Delete previous Action if present"/>
                <edoras-vis:property key="guid" value="GEAR-4005fc42-947e-4f43-bb46-7e40f1f41ed5"/>
                <edoras-vis:property key="isforcompensation" value="false"/>
                <edoras-vis:property key="properties" value=""/>
            </extensionElements>
        </serviceTask>
        <startEvent flowable:assignee="digital.assistant" id="cloudstartnoneevent1">
            <extensionElements>
                <signavio:signavioLabel ref="text_name"
                                        styles="{&quot;size&quot;:&quot;12&quot;,&quot;bold&quot;:false,&quot;fill&quot;:&quot;#000000&quot;,&quot;italic&quot;:false}"/>
                <edoras:property key="formproperties" value=""/>
                <edoras:property key="i18n.en.name" value=""/>
                <edoras:property key="formkey" value=""/>
                <edoras:property key="initiator" value="digital.assistant"/>
                <edoras-vis:property key="formproperties" value=""/>
                <edoras-vis:property key="notes" value=""/>
                <edoras-vis:property key="formkey" value=""/>
                <edoras-vis:property key="initiator" value="digital.assistant"/>
                <edoras-vis:property key="fontsize" value=""/>
                <edoras-vis:property key="genericproperty" value=""/>
                <edoras-vis:property key="stencilsuperids" value="[&quot;StartNoneEvent&quot;]"/>
                <edoras-vis:property key="name_en_us" value=""/>
                <edoras-vis:property key="fontweight" value=""/>
                <edoras-vis:property key="fontstyle" value=""/>
                <edoras-vis:property key="fontcolor" value=""/>
                <edoras-vis:property key="stencilsuperid" value="StartNoneEvent"/>
                <edoras-vis:property key="id" value="cloudstartnoneevent1"/>
                <edoras-vis:property key="name_i18n-key" value=""/>
                <edoras-vis:property key="stencilid" value="cloudstartnoneevent"/>
                <edoras-vis:property key="customstencil" value="true"/>
                <edoras-vis:property key="documentation" value=""/>
                <edoras-vis:property key="executionlistener" value=""/>
                <edoras-vis:property key="name-run" value=""/>
                <edoras-vis:property key="trigger" value="None"/>
                <edoras-vis:property key="name_en_us-run" value=""/>
                <edoras-vis:property key="customnamespace" value="http://b3mn.org/stencilset/default.flowable.process.palette.xml#"/>
                <edoras-vis:property key="bordercolor" value="#000000"/>
                <edoras-vis:property key="oldresourceid" value=""/>
                <edoras-vis:property key="bgcolor" value="#ffffff"/>
                <edoras-vis:property key="customstencilid" value="cloudstartnoneevent"/>
                <edoras-vis:property key="formreference" value=""/>
                <edoras-vis:property key="xmltag" value="StartNoneEvent"/>
                <edoras-vis:property key="name" value=""/>
            </extensionElements>
        </startEvent>
        <sequenceFlow id="sid-EBAA6028-F598-4CA4-AB08-DDA0B07B48FE" isImmediate="false" sourceRef="send-action-definition13" targetRef="cloudservicetask6">
            <extensionElements>
                <signavio:signavioLabel ref="text_name"
                                        styles="{&quot;size&quot;:&quot;12&quot;,&quot;bold&quot;:false,&quot;fill&quot;:&quot;#000000&quot;,&quot;italic&quot;:false}"/>
                <edoras-vis:property key="stencilid" value="SequenceFlow"/>
                <edoras-vis:property key="notes" value=""/>
                <edoras-vis:property key="customstencil" value="false"/>
                <edoras-vis:property key="documentation" value=""/>
                <edoras-vis:property key="conditiontype" value="None"/>
                <edoras-vis:property key="isimmediate" value="false"/>
                <edoras-vis:property key="fontsize" value=""/>
                <edoras-vis:property key="genericproperty" value=""/>
                <edoras-vis:property key="conditionexpression" value=""/>
                <edoras-vis:property key="bordercolor" value="#000000"/>
                <edoras-vis:property key="stencilsuperids" value="[&quot;SequenceFlow&quot;]"/>
                <edoras-vis:property key="name_en_us" value=""/>
                <edoras-vis:property key="oldresourceid" value="sid-EBAA6028-F598-4CA4-AB08-DDA0B07B48FE"/>
                <edoras-vis:property key="fontweight" value=""/>
                <edoras-vis:property key="fontstyle" value=""/>
                <edoras-vis:property key="xmltag" value="SequenceFlow"/>
                <edoras-vis:property key="documentation_i18n-key" value=""/>
                <edoras-vis:property key="name" value=""/>
                <edoras-vis:property key="fontcolor" value=""/>
                <edoras-vis:property key="stencilsuperid" value="SequenceFlow"/>
                <edoras-vis:property key="id" value="sid-EBAA6028-F598-4CA4-AB08-DDA0B07B48FE"/>
                <edoras-vis:property key="documentation_en_us" value=""/>
                <edoras-vis:property key="name_i18n-key" value=""/>
                <edoras-vis:property key="showdiamondmarker" value="false"/>
            </extensionElements>
        </sequenceFlow>
        <sequenceFlow id="sequenceFlow1" isImmediate="false" sourceRef="cloudintermediatetimereventcatching1" targetRef="cloudexclusivedatabasedgateway1">
            <extensionElements>
                <signavio:signavioLabel ref="text_name"
                                        styles="{&quot;size&quot;:&quot;12&quot;,&quot;bold&quot;:false,&quot;fill&quot;:&quot;#000000&quot;,&quot;italic&quot;:false}"/>
                <edoras-vis:property key="stencilid" value="SequenceFlow"/>
                <edoras-vis:property key="notes" value=""/>
                <edoras-vis:property key="customstencil" value="false"/>
                <edoras-vis:property key="documentation" value=""/>
                <edoras-vis:property key="conditiontype" value="None"/>
                <edoras-vis:property key="isimmediate" value="false"/>
                <edoras-vis:property key="fontsize" value=""/>
                <edoras-vis:property key="genericproperty" value=""/>
                <edoras-vis:property key="conditionexpression" value=""/>
                <edoras-vis:property key="bordercolor" value="#000000"/>
                <edoras-vis:property key="stencilsuperids" value="[&quot;SequenceFlow&quot;]"/>
                <edoras-vis:property key="name_en_us" value=""/>
                <edoras-vis:property key="oldresourceid" value=""/>
                <edoras-vis:property key="fontweight" value=""/>
                <edoras-vis:property key="fontstyle" value=""/>
                <edoras-vis:property key="xmltag" value="SequenceFlow"/>
                <edoras-vis:property key="documentation_i18n-key" value=""/>
                <edoras-vis:property key="name" value=""/>
                <edoras-vis:property key="fontcolor" value=""/>
                <edoras-vis:property key="stencilsuperid" value="SequenceFlow"/>
                <edoras-vis:property key="id" value="sequenceFlow1"/>
                <edoras-vis:property key="documentation_en_us" value=""/>
                <edoras-vis:property key="name_i18n-key" value=""/>
                <edoras-vis:property key="showdiamondmarker" value="false"/>
            </extensionElements>
        </sequenceFlow>
        <sequenceFlow id="cloudsequenceflow1" isImmediate="false" sourceRef="cloudstartnoneevent1" targetRef="cloudservicetask4">
            <extensionElements>
                <signavio:signavioLabel ref="text_name"
                                        styles="{&quot;size&quot;:&quot;12&quot;,&quot;bold&quot;:false,&quot;fill&quot;:&quot;#000000&quot;,&quot;italic&quot;:false}"/>
                <edoras:property key="i18n.en.name" value=""/>
                <edoras-vis:property key="notes" value=""/>
                <edoras-vis:property key="conditiontype" value="None"/>
                <edoras-vis:property key="isimmediate" value="false"/>
                <edoras-vis:property key="fontsize" value=""/>
                <edoras-vis:property key="genericproperty" value=""/>
                <edoras-vis:property key="stencilsuperids" value="[&quot;SequenceFlow&quot;]"/>
                <edoras-vis:property key="name_en_us" value=""/>
                <edoras-vis:property key="fontweight" value=""/>
                <edoras-vis:property key="fontstyle" value=""/>
                <edoras-vis:property key="fontcolor" value=""/>
                <edoras-vis:property key="stencilsuperid" value="SequenceFlow"/>
                <edoras-vis:property key="id" value="cloudsequenceflow1"/>
                <edoras-vis:property key="showdiamondmarker" value="false"/>
                <edoras-vis:property key="name_i18n-key" value=""/>
                <edoras-vis:property key="stencilid" value="cloudsequenceflow"/>
                <edoras-vis:property key="customstencil" value="true"/>
                <edoras-vis:property key="documentation" value=""/>
                <edoras-vis:property key="name-run" value=""/>
                <edoras-vis:property key="conditionexpression" value=""/>
                <edoras-vis:property key="name_en_us-run" value=""/>
                <edoras-vis:property key="customnamespace" value="http://b3mn.org/stencilset/default.flowable.process.palette.xml#"/>
                <edoras-vis:property key="bordercolor" value="#000000"/>
                <edoras-vis:property key="oldresourceid" value=""/>
                <edoras-vis:property key="bgcolor" value="#ffffff"/>
                <edoras-vis:property key="customstencilid" value="cloudsequenceflow"/>
                <edoras-vis:property key="xmltag" value="SequenceFlow"/>
                <edoras-vis:property key="name" value=""/>
            </extensionElements>
        </sequenceFlow>
        <sequenceFlow id="sequenceFlow4" isImmediate="false" sourceRef="cloudservicetask3" targetRef="sid-DBD44E8C-A676-4DAB-B412-B9B165CF7250">
            <extensionElements>
                <signavio:signavioLabel ref="text_name"
                                        styles="{&quot;size&quot;:&quot;12&quot;,&quot;bold&quot;:false,&quot;fill&quot;:&quot;#000000&quot;,&quot;italic&quot;:false}"/>
                <edoras-vis:property key="stencilid" value="SequenceFlow"/>
                <edoras-vis:property key="notes" value=""/>
                <edoras-vis:property key="customstencil" value="false"/>
                <edoras-vis:property key="documentation" value=""/>
                <edoras-vis:property key="conditiontype" value="None"/>
                <edoras-vis:property key="isimmediate" value="false"/>
                <edoras-vis:property key="fontsize" value=""/>
                <edoras-vis:property key="genericproperty" value=""/>
                <edoras-vis:property key="conditionexpression" value=""/>
                <edoras-vis:property key="bordercolor" value="#000000"/>
                <edoras-vis:property key="stencilsuperids" value="[&quot;SequenceFlow&quot;]"/>
                <edoras-vis:property key="name_en_us" value=""/>
                <edoras-vis:property key="oldresourceid" value=""/>
                <edoras-vis:property key="fontweight" value=""/>
                <edoras-vis:property key="fontstyle" value=""/>
                <edoras-vis:property key="xmltag" value="SequenceFlow"/>
                <edoras-vis:property key="documentation_i18n-key" value=""/>
                <edoras-vis:property key="name" value=""/>
                <edoras-vis:property key="fontcolor" value=""/>
                <edoras-vis:property key="stencilsuperid" value="SequenceFlow"/>
                <edoras-vis:property key="id" value="sequenceFlow4"/>
                <edoras-vis:property key="documentation_en_us" value=""/>
                <edoras-vis:property key="name_i18n-key" value=""/>
                <edoras-vis:property key="showdiamondmarker" value="false"/>
            </extensionElements>
        </sequenceFlow>
        <sequenceFlow id="cloudsequenceflow2" isImmediate="false" sourceRef="cloudservicetask4" targetRef="cloudservicetask5">
            <extensionElements>
                <signavio:signavioLabel ref="text_name"
                                        styles="{&quot;size&quot;:&quot;12&quot;,&quot;bold&quot;:false,&quot;fill&quot;:&quot;#000000&quot;,&quot;italic&quot;:false}"/>
                <edoras:property key="i18n.en.name" value=""/>
                <edoras-vis:property key="notes" value=""/>
                <edoras-vis:property key="conditiontype" value="None"/>
                <edoras-vis:property key="isimmediate" value="false"/>
                <edoras-vis:property key="fontsize" value=""/>
                <edoras-vis:property key="genericproperty" value=""/>
                <edoras-vis:property key="stencilsuperids" value="[&quot;SequenceFlow&quot;]"/>
                <edoras-vis:property key="name_en_us" value=""/>
                <edoras-vis:property key="fontweight" value=""/>
                <edoras-vis:property key="fontstyle" value=""/>
                <edoras-vis:property key="fontcolor" value=""/>
                <edoras-vis:property key="stencilsuperid" value="SequenceFlow"/>
                <edoras-vis:property key="id" value="cloudsequenceflow2"/>
                <edoras-vis:property key="showdiamondmarker" value="false"/>
                <edoras-vis:property key="name_i18n-key" value=""/>
                <edoras-vis:property key="stencilid" value="cloudsequenceflow"/>
                <edoras-vis:property key="customstencil" value="true"/>
                <edoras-vis:property key="documentation" value=""/>
                <edoras-vis:property key="name-run" value=""/>
                <edoras-vis:property key="conditionexpression" value=""/>
                <edoras-vis:property key="name_en_us-run" value=""/>
                <edoras-vis:property key="customnamespace" value="http://b3mn.org/stencilset/default.flowable.process.palette.xml#"/>
                <edoras-vis:property key="bordercolor" value="#000000"/>
                <edoras-vis:property key="oldresourceid" value=""/>
                <edoras-vis:property key="bgcolor" value="#ffffff"/>
                <edoras-vis:property key="customstencilid" value="cloudsequenceflow"/>
                <edoras-vis:property key="xmltag" value="SequenceFlow"/>
                <edoras-vis:property key="name" value=""/>
            </extensionElements>
        </sequenceFlow>
        <sequenceFlow id="cloudsequenceflow3" isImmediate="false" sourceRef="cloudservicetask5" targetRef="cloudintermediatetimereventcatching1">
            <extensionElements>
                <signavio:signavioLabel ref="text_name"
                                        styles="{&quot;size&quot;:&quot;12&quot;,&quot;bold&quot;:false,&quot;fill&quot;:&quot;#000000&quot;,&quot;italic&quot;:false}"/>
                <edoras:property key="i18n.en.name" value=""/>
                <edoras-vis:property key="notes" value=""/>
                <edoras-vis:property key="conditiontype" value="None"/>
                <edoras-vis:property key="isimmediate" value="false"/>
                <edoras-vis:property key="fontsize" value=""/>
                <edoras-vis:property key="genericproperty" value=""/>
                <edoras-vis:property key="stencilsuperids" value="[&quot;SequenceFlow&quot;]"/>
                <edoras-vis:property key="name_en_us" value=""/>
                <edoras-vis:property key="fontweight" value=""/>
                <edoras-vis:property key="fontstyle" value=""/>
                <edoras-vis:property key="fontcolor" value=""/>
                <edoras-vis:property key="stencilsuperid" value="SequenceFlow"/>
                <edoras-vis:property key="id" value="cloudsequenceflow3"/>
                <edoras-vis:property key="showdiamondmarker" value="false"/>
                <edoras-vis:property key="name_i18n-key" value=""/>
                <edoras-vis:property key="stencilid" value="cloudsequenceflow"/>
                <edoras-vis:property key="customstencil" value="true"/>
                <edoras-vis:property key="documentation" value=""/>
                <edoras-vis:property key="name-run" value=""/>
                <edoras-vis:property key="conditionexpression" value=""/>
                <edoras-vis:property key="name_en_us-run" value=""/>
                <edoras-vis:property key="customnamespace" value="http://b3mn.org/stencilset/default.flowable.process.palette.xml#"/>
                <edoras-vis:property key="bordercolor" value="#000000"/>
                <edoras-vis:property key="oldresourceid" value=""/>
                <edoras-vis:property key="bgcolor" value="#ffffff"/>
                <edoras-vis:property key="customstencilid" value="cloudsequenceflow"/>
                <edoras-vis:property key="xmltag" value="SequenceFlow"/>
                <edoras-vis:property key="name" value=""/>
            </extensionElements>
        </sequenceFlow>
        <sequenceFlow id="sequenceFlow5" isImmediate="false" sourceRef="cloudservicetask6" targetRef="cloudservicetask3">
            <extensionElements>
                <signavio:signavioLabel ref="text_name"
                                        styles="{&quot;size&quot;:&quot;12&quot;,&quot;bold&quot;:false,&quot;fill&quot;:&quot;#000000&quot;,&quot;italic&quot;:false}"/>
                <edoras-vis:property key="stencilid" value="SequenceFlow"/>
                <edoras-vis:property key="notes" value=""/>
                <edoras-vis:property key="customstencil" value="false"/>
                <edoras-vis:property key="documentation" value=""/>
                <edoras-vis:property key="conditiontype" value="None"/>
                <edoras-vis:property key="isimmediate" value="false"/>
                <edoras-vis:property key="fontsize" value=""/>
                <edoras-vis:property key="genericproperty" value=""/>
                <edoras-vis:property key="conditionexpression" value=""/>
                <edoras-vis:property key="bordercolor" value="#000000"/>
                <edoras-vis:property key="stencilsuperids" value="[&quot;SequenceFlow&quot;]"/>
                <edoras-vis:property key="name_en_us" value=""/>
                <edoras-vis:property key="oldresourceid" value=""/>
                <edoras-vis:property key="fontweight" value=""/>
                <edoras-vis:property key="fontstyle" value=""/>
                <edoras-vis:property key="xmltag" value="SequenceFlow"/>
                <edoras-vis:property key="documentation_i18n-key" value=""/>
                <edoras-vis:property key="name" value=""/>
                <edoras-vis:property key="fontcolor" value=""/>
                <edoras-vis:property key="stencilsuperid" value="SequenceFlow"/>
                <edoras-vis:property key="id" value="sequenceFlow5"/>
                <edoras-vis:property key="documentation_en_us" value=""/>
                <edoras-vis:property key="name_i18n-key" value=""/>
                <edoras-vis:property key="showdiamondmarker" value="false"/>
            </extensionElements>
        </sequenceFlow>
        <sequenceFlow id="sequenceFlow7" isImmediate="false" sourceRef="cloudservicetask7" targetRef="cloudexclusivedatabasedgateway2">
            <extensionElements>
                <signavio:signavioLabel ref="text_name"
                                        styles="{&quot;size&quot;:&quot;12&quot;,&quot;bold&quot;:false,&quot;fill&quot;:&quot;#000000&quot;,&quot;italic&quot;:false}"/>
                <edoras-vis:property key="stencilid" value="SequenceFlow"/>
                <edoras-vis:property key="notes" value=""/>
                <edoras-vis:property key="customstencil" value="false"/>
                <edoras-vis:property key="documentation" value=""/>
                <edoras-vis:property key="conditiontype" value="None"/>
                <edoras-vis:property key="isimmediate" value="false"/>
                <edoras-vis:property key="fontsize" value=""/>
                <edoras-vis:property key="genericproperty" value=""/>
                <edoras-vis:property key="conditionexpression" value=""/>
                <edoras-vis:property key="bordercolor" value="#000000"/>
                <edoras-vis:property key="stencilsuperids" value="[&quot;SequenceFlow&quot;]"/>
                <edoras-vis:property key="name_en_us" value=""/>
                <edoras-vis:property key="oldresourceid" value=""/>
                <edoras-vis:property key="fontweight" value=""/>
                <edoras-vis:property key="fontstyle" value=""/>
                <edoras-vis:property key="xmltag" value="SequenceFlow"/>
                <edoras-vis:property key="documentation_i18n-key" value=""/>
                <edoras-vis:property key="name" value=""/>
                <edoras-vis:property key="fontcolor" value=""/>
                <edoras-vis:property key="stencilsuperid" value="SequenceFlow"/>
                <edoras-vis:property key="id" value="sequenceFlow7"/>
                <edoras-vis:property key="documentation_en_us" value=""/>
                <edoras-vis:property key="name_i18n-key" value=""/>
                <edoras-vis:property key="showdiamondmarker" value="false"/>
            </extensionElements>
        </sequenceFlow>
        <sequenceFlow id="sequenceFlow8" isImmediate="false" sourceRef="cloudexclusivedatabasedgateway1" targetRef="cloudservicetask7">
            <extensionElements>
                <signavio:signavioLabel ref="text_name"
                                        styles="{&quot;size&quot;:&quot;12&quot;,&quot;bold&quot;:false,&quot;fill&quot;:&quot;#000000&quot;,&quot;italic&quot;:false}"/>
                <edoras-vis:property key="stencilid" value="SequenceFlow"/>
                <edoras-vis:property key="notes" value=""/>
                <edoras-vis:property key="customstencil" value="false"/>
                <edoras-vis:property key="documentation" value=""/>
                <edoras-vis:property key="conditiontype" value="None"/>
                <edoras-vis:property key="isimmediate" value="false"/>
                <edoras-vis:property key="fontsize" value=""/>
                <edoras-vis:property key="genericproperty" value=""/>
                <edoras-vis:property key="conditionexpression" value="${userInfo:findUserInfo('whatsappTemplateCounter', findUser(clientUserId)) == null}"/>
                <edoras-vis:property key="bordercolor" value="#000000"/>
                <edoras-vis:property key="stencilsuperids" value="[&quot;SequenceFlow&quot;]"/>
                <edoras-vis:property key="name_en_us" value=""/>
                <edoras-vis:property key="oldresourceid" value=""/>
                <edoras-vis:property key="fontweight" value=""/>
                <edoras-vis:property key="fontstyle" value=""/>
                <edoras-vis:property key="xmltag" value="SequenceFlow"/>
                <edoras-vis:property key="documentation_i18n-key" value=""/>
                <edoras-vis:property key="name" value=""/>
                <edoras-vis:property key="fontcolor" value=""/>
                <edoras-vis:property key="stencilsuperid" value="SequenceFlow"/>
                <edoras-vis:property key="id" value="sequenceFlow8"/>
                <edoras-vis:property key="documentation_en_us" value=""/>
                <edoras-vis:property key="name_i18n-key" value=""/>
                <edoras-vis:property key="showdiamondmarker" value="false"/>
            </extensionElements>
            <conditionExpression id="sequenceFlow8_formalExpression1" xsi:type="tFormalExpression">
                ${userInfo:findUserInfo('whatsappTemplateCounter', findUser(clientUserId)) == null}
            </conditionExpression>
        </sequenceFlow>
        <sequenceFlow id="sequenceFlow9" isImmediate="false" sourceRef="cloudexclusivedatabasedgateway2" targetRef="send-action-definition13">
            <extensionElements>
                <signavio:signavioLabel ref="text_name"
                                        styles="{&quot;size&quot;:&quot;12&quot;,&quot;bold&quot;:false,&quot;fill&quot;:&quot;#000000&quot;,&quot;italic&quot;:false}"/>
                <edoras-vis:property key="stencilid" value="SequenceFlow"/>
                <edoras-vis:property key="notes" value=""/>
                <edoras-vis:property key="customstencil" value="false"/>
                <edoras-vis:property key="documentation" value=""/>
                <edoras-vis:property key="conditiontype" value="None"/>
                <edoras-vis:property key="isimmediate" value="false"/>
                <edoras-vis:property key="fontsize" value=""/>
                <edoras-vis:property key="genericproperty" value=""/>
                <edoras-vis:property key="conditionexpression" value=""/>
                <edoras-vis:property key="bordercolor" value="#000000"/>
                <edoras-vis:property key="stencilsuperids" value="[&quot;SequenceFlow&quot;]"/>
                <edoras-vis:property key="name_en_us" value=""/>
                <edoras-vis:property key="oldresourceid" value=""/>
                <edoras-vis:property key="fontweight" value=""/>
                <edoras-vis:property key="fontstyle" value=""/>
                <edoras-vis:property key="xmltag" value="SequenceFlow"/>
                <edoras-vis:property key="documentation_i18n-key" value=""/>
                <edoras-vis:property key="name" value=""/>
                <edoras-vis:property key="fontcolor" value=""/>
                <edoras-vis:property key="stencilsuperid" value="SequenceFlow"/>
                <edoras-vis:property key="id" value="sequenceFlow9"/>
                <edoras-vis:property key="documentation_en_us" value=""/>
                <edoras-vis:property key="name_i18n-key" value=""/>
                <edoras-vis:property key="showdiamondmarker" value="false"/>
            </extensionElements>
        </sequenceFlow>
        <sequenceFlow id="cloudsequenceflow5" isImmediate="false" sourceRef="cloudexclusivedatabasedgateway1" targetRef="cloudexclusivedatabasedgateway2">
            <extensionElements>
                <signavio:signavioLabel ref="text_name"
                                        styles="{&quot;size&quot;:&quot;12&quot;,&quot;bold&quot;:false,&quot;fill&quot;:&quot;#000000&quot;,&quot;italic&quot;:false}"/>
                <edoras:property key="i18n.en.name" value=""/>
                <edoras-vis:property key="notes" value=""/>
                <edoras-vis:property key="conditiontype" value="Default"/>
                <edoras-vis:property key="isimmediate" value="false"/>
                <edoras-vis:property key="fontsize" value=""/>
                <edoras-vis:property key="genericproperty" value=""/>
                <edoras-vis:property key="stencilsuperids" value="[&quot;SequenceFlow&quot;]"/>
                <edoras-vis:property key="name_en_us" value=""/>
                <edoras-vis:property key="fontweight" value=""/>
                <edoras-vis:property key="fontstyle" value=""/>
                <edoras-vis:property key="fontcolor" value=""/>
                <edoras-vis:property key="stencilsuperid" value="SequenceFlow"/>
                <edoras-vis:property key="id" value="cloudsequenceflow5"/>
                <edoras-vis:property key="showdiamondmarker" value="false"/>
                <edoras-vis:property key="name_i18n-key" value=""/>
                <edoras-vis:property key="stencilid" value="cloudsequenceflow"/>
                <edoras-vis:property key="customstencil" value="true"/>
                <edoras-vis:property key="documentation" value=""/>
                <edoras-vis:property key="name-run" value=""/>
                <edoras-vis:property key="conditionexpression" value=""/>
                <edoras-vis:property key="name_en_us-run" value=""/>
                <edoras-vis:property key="customnamespace" value="http://b3mn.org/stencilset/default.flowable.process.palette.xml#"/>
                <edoras-vis:property key="bordercolor" value="#000000"/>
                <edoras-vis:property key="oldresourceid" value=""/>
                <edoras-vis:property key="bgcolor" value="#ffffff"/>
                <edoras-vis:property key="customstencilid" value="cloudsequenceflow"/>
                <edoras-vis:property key="xmltag" value="SequenceFlow"/>
                <edoras-vis:property key="name" value=""/>
            </extensionElements>
        </sequenceFlow>
    </process>
    <bpmndi:BPMNDiagram id="bpmndiagram1">
        <bpmndi:BPMNPlane bpmnElement="flow_6ee673a016f0" id="bpmnplane1">
            <bpmndi:BPMNShape bpmnElement="sid-DBD44E8C-A676-4DAB-B412-B9B165CF7250" id="sid-DBD44E8C-A676-4DAB-B412-B9B165CF7250_gui">
                <omgdc:Bounds height="28.0" width="28.0" x="1268.0" y="161.0"/>
            </bpmndi:BPMNShape>
            <bpmndi:BPMNShape bpmnElement="cloudservicetask3" id="cloudservicetask3_gui">
                <omgdc:Bounds height="80.0" width="100.0" x="1118.0" y="135.0"/>
            </bpmndi:BPMNShape>
            <bpmndi:BPMNShape bpmnElement="cloudservicetask6" id="cloudservicetask6_gui">
                <omgdc:Bounds height="80.0" width="100.0" x="968.0" y="135.0"/>
            </bpmndi:BPMNShape>
            <bpmndi:BPMNShape bpmnElement="send-action-definition13" id="send-action-definition13_gui">
                <omgdc:Bounds height="80.0" width="100.0" x="816.0" y="135.0"/>
            </bpmndi:BPMNShape>
            <bpmndi:BPMNShape bpmnElement="cloudexclusivedatabasedgateway2" id="cloudexclusivedatabasedgateway2_gui" isMarkerVisible="true">
                <omgdc:Bounds height="40.0" width="40.0" x="738.0" y="155.0"/>
            </bpmndi:BPMNShape>
            <bpmndi:BPMNShape bpmnElement="cloudservicetask7" id="cloudservicetask7_gui">
                <omgdc:Bounds height="80.0" width="100.0" x="601.0" y="225.0"/>
            </bpmndi:BPMNShape>
            <bpmndi:BPMNShape bpmnElement="cloudexclusivedatabasedgateway1" id="cloudexclusivedatabasedgateway1_gui" isMarkerVisible="true">
                <omgdc:Bounds height="40.0" width="40.0" x="525.0" y="155.0"/>
            </bpmndi:BPMNShape>
            <bpmndi:BPMNShape bpmnElement="cloudintermediatetimereventcatching1" id="cloudintermediatetimereventcatching1_gui">
                <omgdc:Bounds height="30.0" width="30.0" x="458.0" y="160.0"/>
            </bpmndi:BPMNShape>
            <bpmndi:BPMNShape bpmnElement="cloudservicetask5" id="cloudservicetask5_gui">
                <omgdc:Bounds height="80.0" width="100.0" x="315.0" y="135.0"/>
            </bpmndi:BPMNShape>
            <bpmndi:BPMNShape bpmnElement="cloudservicetask4" id="cloudservicetask4_gui">
                <omgdc:Bounds height="80.0" width="100.0" x="165.0" y="135.0"/>
            </bpmndi:BPMNShape>
            <bpmndi:BPMNShape bpmnElement="cloudstartnoneevent1" id="cloudstartnoneevent1_gui">
                <omgdc:Bounds height="30.0" width="30.0" x="75.0" y="160.0"/>
            </bpmndi:BPMNShape>
            <bpmndi:BPMNEdge bpmnElement="sequenceFlow5" id="sequenceFlow5_gui">
                <omgdi:waypoint x="1068.0" y="175.0"/>
                <omgdi:waypoint x="1118.0" y="174.0"/>
            </bpmndi:BPMNEdge>
            <bpmndi:BPMNEdge bpmnElement="sequenceFlow4" id="sequenceFlow4_gui">
                <omgdi:waypoint x="1218.0" y="174.0"/>
                <omgdi:waypoint x="1268.0" y="175.0"/>
            </bpmndi:BPMNEdge>
            <bpmndi:BPMNEdge bpmnElement="sequenceFlow1" id="sequenceFlow1_gui">
                <omgdi:waypoint x="488.0" y="175.0"/>
                <omgdi:waypoint x="525.0" y="175.0"/>
            </bpmndi:BPMNEdge>
            <bpmndi:BPMNEdge bpmnElement="cloudsequenceflow2" id="cloudsequenceflow2_gui">
                <omgdi:waypoint x="265.0" y="175.0"/>
                <omgdi:waypoint x="315.0" y="175.0"/>
            </bpmndi:BPMNEdge>
            <bpmndi:BPMNEdge bpmnElement="cloudsequenceflow3" id="cloudsequenceflow3_gui">
                <omgdi:waypoint x="415.0" y="175.0"/>
                <omgdi:waypoint x="458.0" y="174.0"/>
            </bpmndi:BPMNEdge>
            <bpmndi:BPMNEdge bpmnElement="cloudsequenceflow1" id="cloudsequenceflow1_gui">
                <omgdi:waypoint x="105.0" y="174.0"/>
                <omgdi:waypoint x="165.0" y="175.0"/>
            </bpmndi:BPMNEdge>
            <bpmndi:BPMNEdge bpmnElement="sequenceFlow9" id="sequenceFlow9_gui">
                <omgdi:waypoint x="778.0" y="175.0"/>
                <omgdi:waypoint x="816.0" y="175.0"/>
            </bpmndi:BPMNEdge>
            <bpmndi:BPMNEdge bpmnElement="sequenceFlow7" id="sequenceFlow7_gui">
                <omgdi:waypoint x="701.0" y="265.0"/>
                <omgdi:waypoint x="758.0" y="265.0"/>
                <omgdi:waypoint x="758.0" y="195.0"/>
            </bpmndi:BPMNEdge>
            <bpmndi:BPMNEdge bpmnElement="sequenceFlow8" id="sequenceFlow8_gui">
                <omgdi:waypoint x="545.0" y="195.0"/>
                <omgdi:waypoint x="545.0" y="265.0"/>
                <omgdi:waypoint x="601.0" y="265.0"/>
            </bpmndi:BPMNEdge>
            <bpmndi:BPMNEdge bpmnElement="cloudsequenceflow5" id="cloudsequenceflow5_gui">
                <omgdi:waypoint x="565.0" y="175.0"/>
                <omgdi:waypoint x="738.0" y="175.0"/>
            </bpmndi:BPMNEdge>
            <bpmndi:BPMNEdge bpmnElement="sid-EBAA6028-F598-4CA4-AB08-DDA0B07B48FE" id="sid-EBAA6028-F598-4CA4-AB08-DDA0B07B48FE_gui">
                <omgdi:waypoint x="916.0" y="175.0"/>
                <omgdi:waypoint x="968.0" y="175.0"/>
            </bpmndi:BPMNEdge>
        </bpmndi:BPMNPlane>
    </bpmndi:BPMNDiagram>
</definitions>
