<?xml version="1.0" encoding="UTF-8"?>
<definitions xmlns="http://www.omg.org/spec/BPMN/20100524/MODEL" xmlns:bpmndi="http://www.omg.org/spec/BPMN/20100524/DI"
             xmlns:edoras="http://www.edorasware.com/schema/bpmn" xmlns:edoras-vis="http://www.edorasware.com/schema/vis"
             xmlns:flowable="http://flowable.org/bpmn" xmlns:omgdc="http://www.omg.org/spec/DD/20100524/DC" xmlns:omgdi="http://www.omg.org/spec/DD/20100524/DI"
             xmlns:signavio="http://www.signavio.com" xmlns:xsi="http://www.w3.org/2001/XMLSchema-instance" exporter="6.3.0-SNAPSHOT"
             exporterVersion="6.3.0-SNAPSHOT" targetNamespace="http://www.edorasware.com"
             xsi:schemaLocation="http://www.omg.org/spec/BPMN/20100524/MODEL http://www.omg.org/spec/BPMN/2.0/20100501/BPMN20.xsd http://www.omg.org/spec/BPMN/20100524/DI http://www.omg.org/spec/BPMN/2.0/20100501/BPMNDI.xsd http://www.omg.org/spec/DD/20100524/DC http://www.omg.org/spec/BPMN/2.0/20100501/DC.xsd http://www.omg.org/spec/DD/20100524/DI http://www.omg.org/spec/BPMN/2.0/20100501/DI.xsd http://www.edorasware.com/schema/bpmn http://www.edorasware.com/schema/bpmn/edoras-bpmn-extensions-3.0.2.xsd http://www.edorasware.com/schema/vis http://www.edorasware.com/schema/vis/edoras-vis-extensions-2.0.0.xsd">
    <process id="P013-messagePriorOnboarding" isExecutable="true" name="DCI-P013 Message Prior Onboarding Process">
        <extensionElements>
            <flowable:historyLevel>none</flowable:historyLevel>
            <edoras:property key="guid" value="PROCESS_MODEL-33127bc1-5175-4eee-ba2b-6fbda3f425d4"/>
            <edoras:property key="actions" value=""/>
            <edoras-vis:property key="creationdate" value=""/>
            <edoras-vis:property key="notes" value=""/>
            <edoras-vis:property key="labelexpression" value=""/>
            <edoras-vis:property key="isexecutable" value="false"/>
            <edoras-vis:property key="fontsize" value=""/>
            <edoras-vis:property key="language" value="English"/>
            <edoras-vis:property key="genericproperty" value=""/>
            <edoras-vis:property key="stencilsuperids" value="[&quot;BPMNDiagram&quot;]"/>
            <edoras-vis:property key="name_en_us" value=""/>
            <edoras-vis:property key="fontweight" value=""/>
            <edoras-vis:property key="fontstyle" value=""/>
            <edoras-vis:property key="documentation_i18n-key" value=""/>
            <edoras-vis:property key="fontcolor" value=""/>
            <edoras-vis:property key="stencilsuperid" value="BPMNDiagram"/>
            <edoras-vis:property key="id" value="P013-messagePriorOnboarding"/>
            <edoras-vis:property key="name_i18n-key" value=""/>
            <edoras-vis:property key="stencilid" value="BPMNDiagram"/>
            <edoras-vis:property key="customstencil" value="false"/>
            <edoras-vis:property key="author" value=""/>
            <edoras-vis:property key="documentation" value=""/>
            <edoras-vis:property key="modificationdate" value=""/>
            <edoras-vis:property key="version" value=""/>
            <edoras-vis:property key="bordercolor" value=""/>
            <edoras-vis:property key="oldresourceid" value=""/>
            <edoras-vis:property key="bgcolor" value=""/>
            <edoras-vis:property key="xmltag" value="BPMNDiagram"/>
            <edoras-vis:property key="isprocessexecutable" value="true"/>
            <edoras-vis:property key="name" value="DCI-P013 Message Prior Onboarding Process"/>
            <edoras-vis:property key="guid" value="PROCESS_MODEL-33127bc1-5175-4eee-ba2b-6fbda3f425d4"/>
            <edoras-vis:property key="documentation_en_us" value=""/>
            <edoras-vis:property key="actions" value=""/>
            <edoras-vis:property key="namespaces" value=""/>
        </extensionElements>
        <startEvent id="cloudstartnoneevent1">
            <extensionElements>
                <signavio:signavioLabel ref="text_name"
                                        styles="{&quot;size&quot;:&quot;12&quot;,&quot;bold&quot;:false,&quot;fill&quot;:&quot;#000000&quot;,&quot;italic&quot;:false}"/>
                <edoras:property key="formproperties" value=""/>
                <edoras:property key="i18n.en.name" value=""/>
                <edoras:property key="formkey" value=""/>
                <edoras:property key="initiator" value=""/>
                <edoras-vis:property key="formproperties" value=""/>
                <edoras-vis:property key="notes" value=""/>
                <edoras-vis:property key="formkey" value=""/>
                <edoras-vis:property key="initiator" value=""/>
                <edoras-vis:property key="fontsize" value=""/>
                <edoras-vis:property key="genericproperty" value=""/>
                <edoras-vis:property key="stencilsuperids" value="[&quot;StartNoneEvent&quot;]"/>
                <edoras-vis:property key="name_en_us" value=""/>
                <edoras-vis:property key="fontweight" value=""/>
                <edoras-vis:property key="fontstyle" value=""/>
                <edoras-vis:property key="fontcolor" value=""/>
                <edoras-vis:property key="stencilsuperid" value="StartNoneEvent"/>
                <edoras-vis:property key="id" value="cloudstartnoneevent1"/>
                <edoras-vis:property key="name_i18n-key" value=""/>
                <edoras-vis:property key="stencilid" value="cloudstartnoneevent"/>
                <edoras-vis:property key="customstencil" value="true"/>
                <edoras-vis:property key="documentation" value=""/>
                <edoras-vis:property key="executionlistener" value=""/>
                <edoras-vis:property key="name-run" value=""/>
                <edoras-vis:property key="trigger" value="None"/>
                <edoras-vis:property key="name_en_us-run" value=""/>
                <edoras-vis:property key="customnamespace" value="http://b3mn.org/stencilset/default.flowable.process.palette.xml#"/>
                <edoras-vis:property key="bordercolor" value="#000000"/>
                <edoras-vis:property key="oldresourceid" value=""/>
                <edoras-vis:property key="bgcolor" value="#ffffff"/>
                <edoras-vis:property key="customstencilid" value="cloudstartnoneevent"/>
                <edoras-vis:property key="formreference" value=""/>
                <edoras-vis:property key="xmltag" value="StartNoneEvent"/>
                <edoras-vis:property key="name" value=""/>
            </extensionElements>
        </startEvent>
        <sendTask id="messagePriorOnboardingMailTask" flowable:async="true" flowable:exclusive="true" flowable:type="mail" name="Send wechat message as email">
            <extensionElements>
                <flowable:field name="ignoreException" stringValue="false"/>
                <flowable:field name="to">
                    <flowable:expression>${propertyConfigurationService.getProperty('flowable.external-system.wechat.messages.prior-onboarding.mail.to', '')}</flowable:expression>
                </flowable:field>
                <flowable:field name="subject">
                    <flowable:expression>${templateService.processTemplate('messagePriorOnboardingEmail', mapOf('field', 'subject'), mapOf('messageTime', parent.startTime, 'externalUserId', externalUserId)).getProcessedContent()}</flowable:expression>
                </flowable:field>
                <flowable:field name="html">
                    <flowable:expression>${templateService.processTemplate('messagePriorOnboardingEmail', mapOf('field', 'body'), mapOf('messageTime', parent.startTime, 'externalMessageId', externalMessageId, 'externalUserId', externalUserId, 'messageContent', messageContent)).getProcessedContent()}</flowable:expression>
                </flowable:field>
            </extensionElements>
        </sendTask>
        <endEvent id="cloudendnoneevent1">
            <extensionElements>
                <signavio:signavioLabel ref="text_name"
                                        styles="{&quot;size&quot;:&quot;12&quot;,&quot;bold&quot;:false,&quot;fill&quot;:&quot;#000000&quot;,&quot;italic&quot;:false}"/>
                <edoras:property key="i18n.en.name" value=""/>
                <edoras-vis:property key="notes" value=""/>
                <edoras-vis:property key="fontsize" value=""/>
                <edoras-vis:property key="genericproperty" value=""/>
                <edoras-vis:property key="stencilsuperids" value="[&quot;EndNoneEvent&quot;]"/>
                <edoras-vis:property key="name_en_us" value=""/>
                <edoras-vis:property key="fontweight" value=""/>
                <edoras-vis:property key="fontstyle" value=""/>
                <edoras-vis:property key="fontcolor" value=""/>
                <edoras-vis:property key="stencilsuperid" value="EndNoneEvent"/>
                <edoras-vis:property key="id" value="cloudendnoneevent1"/>
                <edoras-vis:property key="name_i18n-key" value=""/>
                <edoras-vis:property key="stencilid" value="cloudendnoneevent"/>
                <edoras-vis:property key="customstencil" value="true"/>
                <edoras-vis:property key="documentation" value=""/>
                <edoras-vis:property key="executionlistener" value=""/>
                <edoras-vis:property key="name-run" value=""/>
                <edoras-vis:property key="trigger" value="None"/>
                <edoras-vis:property key="name_en_us-run" value=""/>
                <edoras-vis:property key="customnamespace" value="http://b3mn.org/stencilset/default.flowable.process.palette.xml#"/>
                <edoras-vis:property key="bordercolor" value="#000000"/>
                <edoras-vis:property key="oldresourceid" value=""/>
                <edoras-vis:property key="bgcolor" value="#ffffff"/>
                <edoras-vis:property key="customstencilid" value="cloudendnoneevent"/>
                <edoras-vis:property key="xmltag" value="EndNoneEvent"/>
                <edoras-vis:property key="name" value=""/>
            </extensionElements>
        </endEvent>
        <sequenceFlow id="cloudsequenceflow1" isImmediate="false" sourceRef="cloudstartnoneevent1" targetRef="messagePriorOnboardingMailTask">
            <extensionElements>
                <signavio:signavioLabel ref="text_name"
                                        styles="{&quot;size&quot;:&quot;12&quot;,&quot;bold&quot;:false,&quot;fill&quot;:&quot;#000000&quot;,&quot;italic&quot;:false}"/>
                <edoras:property key="i18n.en.name" value=""/>
                <edoras-vis:property key="notes" value=""/>
                <edoras-vis:property key="conditiontype" value="None"/>
                <edoras-vis:property key="isimmediate" value="false"/>
                <edoras-vis:property key="fontsize" value=""/>
                <edoras-vis:property key="genericproperty" value=""/>
                <edoras-vis:property key="stencilsuperids" value="[&quot;SequenceFlow&quot;]"/>
                <edoras-vis:property key="name_en_us" value=""/>
                <edoras-vis:property key="fontweight" value=""/>
                <edoras-vis:property key="fontstyle" value=""/>
                <edoras-vis:property key="fontcolor" value=""/>
                <edoras-vis:property key="stencilsuperid" value="SequenceFlow"/>
                <edoras-vis:property key="id" value="cloudsequenceflow1"/>
                <edoras-vis:property key="showdiamondmarker" value="false"/>
                <edoras-vis:property key="name_i18n-key" value=""/>
                <edoras-vis:property key="stencilid" value="cloudsequenceflow"/>
                <edoras-vis:property key="customstencil" value="true"/>
                <edoras-vis:property key="documentation" value=""/>
                <edoras-vis:property key="name-run" value=""/>
                <edoras-vis:property key="conditionexpression" value=""/>
                <edoras-vis:property key="name_en_us-run" value=""/>
                <edoras-vis:property key="customnamespace" value="http://b3mn.org/stencilset/default.flowable.process.palette.xml#"/>
                <edoras-vis:property key="bordercolor" value="#000000"/>
                <edoras-vis:property key="oldresourceid" value=""/>
                <edoras-vis:property key="bgcolor" value="#ffffff"/>
                <edoras-vis:property key="customstencilid" value="cloudsequenceflow"/>
                <edoras-vis:property key="xmltag" value="SequenceFlow"/>
                <edoras-vis:property key="name" value=""/>
            </extensionElements>
        </sequenceFlow>
        <sequenceFlow id="cloudsequenceflow2" isImmediate="false" sourceRef="messagePriorOnboardingMailTask" targetRef="cloudendnoneevent1">
            <extensionElements>
                <signavio:signavioLabel ref="text_name"
                                        styles="{&quot;size&quot;:&quot;12&quot;,&quot;bold&quot;:false,&quot;fill&quot;:&quot;#000000&quot;,&quot;italic&quot;:false}"/>
                <edoras:property key="i18n.en.name" value=""/>
                <edoras-vis:property key="notes" value=""/>
                <edoras-vis:property key="conditiontype" value="None"/>
                <edoras-vis:property key="isimmediate" value="false"/>
                <edoras-vis:property key="fontsize" value=""/>
                <edoras-vis:property key="genericproperty" value=""/>
                <edoras-vis:property key="stencilsuperids" value="[&quot;SequenceFlow&quot;]"/>
                <edoras-vis:property key="name_en_us" value=""/>
                <edoras-vis:property key="fontweight" value=""/>
                <edoras-vis:property key="fontstyle" value=""/>
                <edoras-vis:property key="fontcolor" value=""/>
                <edoras-vis:property key="stencilsuperid" value="SequenceFlow"/>
                <edoras-vis:property key="id" value="cloudsequenceflow2"/>
                <edoras-vis:property key="showdiamondmarker" value="false"/>
                <edoras-vis:property key="name_i18n-key" value=""/>
                <edoras-vis:property key="stencilid" value="cloudsequenceflow"/>
                <edoras-vis:property key="customstencil" value="true"/>
                <edoras-vis:property key="documentation" value=""/>
                <edoras-vis:property key="name-run" value=""/>
                <edoras-vis:property key="conditionexpression" value=""/>
                <edoras-vis:property key="name_en_us-run" value=""/>
                <edoras-vis:property key="customnamespace" value="http://b3mn.org/stencilset/default.flowable.process.palette.xml#"/>
                <edoras-vis:property key="bordercolor" value="#000000"/>
                <edoras-vis:property key="oldresourceid" value=""/>
                <edoras-vis:property key="bgcolor" value="#ffffff"/>
                <edoras-vis:property key="customstencilid" value="cloudsequenceflow"/>
                <edoras-vis:property key="xmltag" value="SequenceFlow"/>
                <edoras-vis:property key="name" value=""/>
            </extensionElements>
        </sequenceFlow>
    </process>
    <bpmndi:BPMNDiagram id="bpmndiagram1">
        <bpmndi:BPMNPlane bpmnElement="P013-messagePriorOnboarding" id="bpmnplane1">
            <bpmndi:BPMNShape bpmnElement="cloudstartnoneevent1" id="cloudstartnoneevent1_gui">
                <omgdc:Bounds height="30.0" width="30.0" x="277.0" y="261.0"/>
            </bpmndi:BPMNShape>
            <bpmndi:BPMNShape bpmnElement="messagePriorOnboardingMailTask" id="messagePriorOnboardingMailTask_gui">
                <omgdc:Bounds height="80.0" width="100.0" x="461.0" y="236.0"/>
            </bpmndi:BPMNShape>
            <bpmndi:BPMNShape bpmnElement="cloudendnoneevent1" id="cloudendnoneevent1_gui">
                <omgdc:Bounds height="28.0" width="28.0" x="714.0" y="262.0"/>
            </bpmndi:BPMNShape>
            <bpmndi:BPMNEdge bpmnElement="cloudsequenceflow2" id="cloudsequenceflow2_gui">
                <omgdi:waypoint x="561.0" y="276.0"/>
                <omgdi:waypoint x="714.0" y="276.0"/>
            </bpmndi:BPMNEdge>
            <bpmndi:BPMNEdge bpmnElement="cloudsequenceflow1" id="cloudsequenceflow1_gui">
                <omgdi:waypoint x="307.0" y="276.0"/>
                <omgdi:waypoint x="461.0" y="276.0"/>
            </bpmndi:BPMNEdge>
        </bpmndi:BPMNPlane>
    </bpmndi:BPMNDiagram>
</definitions>
