<?xml version="1.0" encoding="UTF-8"?>
<definitions xmlns="http://www.omg.org/spec/BPMN/20100524/MODEL" xmlns:bpmndi="http://www.omg.org/spec/BPMN/20100524/DI"
             xmlns:edoras="http://www.edorasware.com/schema/bpmn" xmlns:edoras-vis="http://www.edorasware.com/schema/vis"
             xmlns:flowable="http://flowable.org/bpmn" xmlns:omgdc="http://www.omg.org/spec/DD/20100524/DC" xmlns:omgdi="http://www.omg.org/spec/DD/20100524/DI"
             xmlns:signavio="http://www.signavio.com" xmlns:xsi="http://www.w3.org/2001/XMLSchema-instance" exporter="6.3.0-SNAPSHOT"
             exporterVersion="6.3.0-SNAPSHOT" targetNamespace="http://www.edorasware.com"
             xsi:schemaLocation="http://www.omg.org/spec/BPMN/20100524/MODEL http://www.omg.org/spec/BPMN/2.0/20100501/BPMN20.xsd http://www.omg.org/spec/BPMN/20100524/DI http://www.omg.org/spec/BPMN/2.0/20100501/BPMNDI.xsd http://www.omg.org/spec/DD/20100524/DC http://www.omg.org/spec/BPMN/2.0/20100501/DC.xsd http://www.omg.org/spec/DD/20100524/DI http://www.omg.org/spec/BPMN/2.0/20100501/DI.xsd http://www.edorasware.com/schema/bpmn http://www.edorasware.com/schema/bpmn/edoras-bpmn-extensions-3.0.2.xsd http://www.edorasware.com/schema/vis http://www.edorasware.com/schema/vis/edoras-vis-extensions-2.0.0.xsd">
    <process id="FLW_WE_CHAT_P001_User_timeout" isExecutable="true" name="WeChat Timeout process">
        <extensionElements>
            <edoras:property key="guid" value="PROCESS_MODEL-04ba90f2-d1d1-4068-b8f5-ab21de8ddd0d"/>
            <edoras:property key="actions" value=""/>
            <edoras-vis:property key="creationdate" value=""/>
            <edoras-vis:property key="notes" value=""/>
            <edoras-vis:property key="labelexpression" value=""/>
            <edoras-vis:property key="isexecutable" value="false"/>
            <edoras-vis:property key="fontsize" value=""/>
            <edoras-vis:property key="language" value=""/>
            <edoras-vis:property key="genericproperty" value=""/>
            <edoras-vis:property key="stencilsuperids" value="[&quot;BPMNDiagram&quot;]"/>
            <edoras-vis:property key="name_en_us" value=""/>
            <edoras-vis:property key="fontweight" value=""/>
            <edoras-vis:property key="fontstyle" value=""/>
            <edoras-vis:property key="documentation_i18n-key" value=""/>
            <edoras-vis:property key="fontcolor" value=""/>
            <edoras-vis:property key="stencilsuperid" value="BPMNDiagram"/>
            <edoras-vis:property key="id" value="FLW_WE_CHAT_P001_User_timeout"/>
            <edoras-vis:property key="name_i18n-key" value=""/>
            <edoras-vis:property key="stencilid" value="BPMNDiagram"/>
            <edoras-vis:property key="customstencil" value="true"/>
            <edoras-vis:property key="author" value=""/>
            <edoras-vis:property key="documentation" value=""/>
            <edoras-vis:property key="modificationdate" value=""/>
            <edoras-vis:property key="version" value=""/>
            <edoras-vis:property key="bordercolor" value=""/>
            <edoras-vis:property key="oldresourceid" value=""/>
            <edoras-vis:property key="bgcolor" value=""/>
            <edoras-vis:property key="xmltag" value="BPMNDiagram"/>
            <edoras-vis:property key="isprocessexecutable" value="true"/>
            <edoras-vis:property key="name" value="WeChat Timeout process"/>
            <edoras-vis:property key="guid" value="PROCESS_MODEL-04ba90f2-d1d1-4068-b8f5-ab21de8ddd0d"/>
            <edoras-vis:property key="documentation_en_us" value=""/>
            <edoras-vis:property key="actions" value=""/>
            <edoras-vis:property key="namespaces" value=""/>
        </extensionElements>
        <endEvent id="sid-DBD44E8C-A676-4DAB-B412-B9B165CF7250">
            <extensionElements>
                <signavio:signavioLabel ref="text_name"
                                        styles="{&quot;size&quot;:&quot;12&quot;,&quot;bold&quot;:false,&quot;fill&quot;:&quot;#000000&quot;,&quot;italic&quot;:false}"/>
                <edoras-vis:property key="stencilid" value="EndNoneEvent"/>
                <edoras-vis:property key="notes" value=""/>
                <edoras-vis:property key="customstencil" value="false"/>
                <edoras-vis:property key="documentation" value=""/>
                <edoras-vis:property key="fontsize" value=""/>
                <edoras-vis:property key="executionlistener" value=""/>
                <edoras-vis:property key="genericproperty" value=""/>
                <edoras-vis:property key="trigger" value="None"/>
                <edoras-vis:property key="bordercolor" value="#000000"/>
                <edoras-vis:property key="stencilsuperids" value="[&quot;EndNoneEvent&quot;]"/>
                <edoras-vis:property key="name_en_us" value=""/>
                <edoras-vis:property key="oldresourceid" value="sid-DBD44E8C-A676-4DAB-B412-B9B165CF7250"/>
                <edoras-vis:property key="fontweight" value=""/>
                <edoras-vis:property key="fontstyle" value=""/>
                <edoras-vis:property key="bgcolor" value="#ffffff"/>
                <edoras-vis:property key="xmltag" value="EndNoneEvent"/>
                <edoras-vis:property key="documentation_i18n-key" value=""/>
                <edoras-vis:property key="name" value=""/>
                <edoras-vis:property key="fontcolor" value=""/>
                <edoras-vis:property key="stencilsuperid" value="EndNoneEvent"/>
                <edoras-vis:property key="id" value="sid-DBD44E8C-A676-4DAB-B412-B9B165CF7250"/>
                <edoras-vis:property key="documentation_en_us" value=""/>
                <edoras-vis:property key="name_i18n-key" value=""/>
            </extensionElements>
        </endEvent>
        <serviceTask flowable:async="false" flowable:expression="#{conversationService.addTags(clientConversationId, listOf('timeout'))}" id="cloudservicetask3"
                     name="Tag Conversation with Timeout">
            <extensionElements>
                <flowable:field expression="false" name="disablesecurity"/>
                <signavio:signavioLabel ref="text_name"
                                        styles="{&quot;size&quot;:&quot;12&quot;,&quot;bold&quot;:false,&quot;fill&quot;:&quot;#000000&quot;,&quot;italic&quot;:false}"/>
                <edoras:property key="i18n.en.name" value="Tag Conversation with Timeout"/>
                <edoras-vis:property key="callacitivity" value="false"/>
                <edoras-vis:property key="notes" value=""/>
                <edoras-vis:property key="looptype" value="None"/>
                <edoras-vis:property key="classfields" value=""/>
                <edoras-vis:property key="completioncondition" value=""/>
                <edoras-vis:property key="fontsize" value=""/>
                <edoras-vis:property key="loopelementindexvariable" value="loopCounter"/>
                <edoras-vis:property key="genericproperty" value=""/>
                <edoras-vis:property key="loopcardinality" value=""/>
                <edoras-vis:property key="stencilsuperids" value="[&quot;Task&quot;,&quot;ServiceTask&quot;]"/>
                <edoras-vis:property key="name_en_us" value="Tag Conversation with Timeout"/>
                <edoras-vis:property key="resultvariable" value=""/>
                <edoras-vis:property key="fontweight" value=""/>
                <edoras-vis:property key="fontstyle" value=""/>
                <edoras-vis:property key="fontcolor" value=""/>
                <edoras-vis:property key="exclusive" value="true"/>
                <edoras-vis:property key="stencilsuperid" value="ServiceTask"/>
                <edoras-vis:property key="categories" value=""/>
                <edoras-vis:property key="disablesecurity" value="false"/>
                <edoras-vis:property key="id" value="cloudservicetask3"/>
                <edoras-vis:property key="skipexpression" value=""/>
                <edoras-vis:property key="class" value=""/>
                <edoras-vis:property key="name_i18n-key" value=""/>
                <edoras-vis:property key="stencilid" value="cloudservicetask"/>
                <edoras-vis:property key="expression" value="#{conversationService.addTags(clientConversationId, listOf('timeout'))}"/>
                <edoras-vis:property key="tasktype" value="Service"/>
                <edoras-vis:property key="customstencil" value="true"/>
                <edoras-vis:property key="documentation" value=""/>
                <edoras-vis:property key="loopcollection" value=""/>
                <edoras-vis:property key="name-run" value=""/>
                <edoras-vis:property key="name_en_us-run" value=""/>
                <edoras-vis:property key="customnamespace" value="http://b3mn.org/stencilset/default.flowable.process.palette.xml#"/>
                <edoras-vis:property key="bordercolor" value="#000000"/>
                <edoras-vis:property key="delegateexpression" value=""/>
                <edoras-vis:property key="async" value="false"/>
                <edoras-vis:property key="oldresourceid" value=""/>
                <edoras-vis:property key="bgcolor" value="#ffffff"/>
                <edoras-vis:property key="customstencilid" value="cloudservicetask"/>
                <edoras-vis:property key="xmltag" value="ServiceTask"/>
                <edoras-vis:property key="loopelementvariable" value=""/>
                <edoras-vis:property key="name" value="Tag Conversation with Timeout"/>
                <edoras-vis:property key="guid" value="GEAR-df444b72-2e58-4614-84dd-b6cdc1b0b92e"/>
                <edoras-vis:property key="isforcompensation" value="false"/>
                <edoras-vis:property key="properties" value=""/>
            </extensionElements>
        </serviceTask>
        <serviceTask flowable:async="false"
                     flowable:expression="#{conversationsFn.sendInternalMessage(clientConversationId, 'digital.assistant', template:createMessage('timeout48hMessage', null))}"
                     id="cloudservicetask6" name="send internal message to conversation">
            <extensionElements>
                <flowable:field expression="false" name="disablesecurity"/>
                <signavio:signavioLabel ref="text_name"
                                        styles="{&quot;size&quot;:&quot;12&quot;,&quot;bold&quot;:false,&quot;fill&quot;:&quot;#000000&quot;,&quot;italic&quot;:false}"/>
                <edoras:property key="i18n.en.name" value="send internal message to conversation"/>
                <edoras-vis:property key="callacitivity" value="false"/>
                <edoras-vis:property key="notes" value=""/>
                <edoras-vis:property key="looptype" value="None"/>
                <edoras-vis:property key="classfields" value=""/>
                <edoras-vis:property key="completioncondition" value=""/>
                <edoras-vis:property key="fontsize" value=""/>
                <edoras-vis:property key="loopelementindexvariable" value="loopCounter"/>
                <edoras-vis:property key="genericproperty" value=""/>
                <edoras-vis:property key="loopcardinality" value=""/>
                <edoras-vis:property key="stencilsuperids" value="[&quot;Task&quot;,&quot;ServiceTask&quot;]"/>
                <edoras-vis:property key="name_en_us" value="send internal message to conversation"/>
                <edoras-vis:property key="resultvariable" value=""/>
                <edoras-vis:property key="fontweight" value=""/>
                <edoras-vis:property key="fontstyle" value=""/>
                <edoras-vis:property key="fontcolor" value=""/>
                <edoras-vis:property key="exclusive" value="true"/>
                <edoras-vis:property key="stencilsuperid" value="ServiceTask"/>
                <edoras-vis:property key="categories" value=""/>
                <edoras-vis:property key="disablesecurity" value="false"/>
                <edoras-vis:property key="id" value="cloudservicetask6"/>
                <edoras-vis:property key="skipexpression" value=""/>
                <edoras-vis:property key="class" value=""/>
                <edoras-vis:property key="name_i18n-key" value=""/>
                <edoras-vis:property key="stencilid" value="cloudservicetask"/>
                <edoras-vis:property key="expression"
                                     value="#{conversationsFn.sendInternalMessage(clientConversationId, 'digital.assistant', template:createMessage('timeout48hMessage', null))}"/>
                <edoras-vis:property key="tasktype" value="Service"/>
                <edoras-vis:property key="customstencil" value="true"/>
                <edoras-vis:property key="documentation" value=""/>
                <edoras-vis:property key="loopcollection" value=""/>
                <edoras-vis:property key="name-run" value=""/>
                <edoras-vis:property key="name_en_us-run" value=""/>
                <edoras-vis:property key="customnamespace" value="http://b3mn.org/stencilset/default.flowable.process.palette.xml#"/>
                <edoras-vis:property key="bordercolor" value="#000000"/>
                <edoras-vis:property key="delegateexpression" value=""/>
                <edoras-vis:property key="async" value="false"/>
                <edoras-vis:property key="oldresourceid" value=""/>
                <edoras-vis:property key="bgcolor" value="#ffffff"/>
                <edoras-vis:property key="customstencilid" value="cloudservicetask"/>
                <edoras-vis:property key="xmltag" value="ServiceTask"/>
                <edoras-vis:property key="loopelementvariable" value=""/>
                <edoras-vis:property key="name" value="send internal message to conversation"/>
                <edoras-vis:property key="guid" value="GEAR-dfd4b87e-f134-4972-8846-04b40a350c97"/>
                <edoras-vis:property key="isforcompensation" value="false"/>
                <edoras-vis:property key="properties" value=""/>
            </extensionElements>
        </serviceTask>
        <serviceTask flowable:async="false" flowable:expression="#{conversationProcessService.sendActionDefinition(execution)}" id="send-action-definition13"
                     name="Send Template Action to Conversation">
            <extensionElements>
                <flowable:field expression="false" name="disablesecurity"/>
                <signavio:signavioLabel ref="text_name"
                                        styles="{&quot;size&quot;:&quot;12&quot;,&quot;bold&quot;:false,&quot;fill&quot;:&quot;#000000&quot;,&quot;italic&quot;:false}"/>
                <edoras:property key="sendfollowuptasks" value="false"/>
                <edoras:property key="expression" value="#{conversationProcessService.sendActionDefinition(execution)}"/>
                <edoras:property key="conversationid" value="#{clientConversationId}"/>
                <edoras:property key="sendinguserid" value="digital.assistant"/>
                <edoras:property key="signalname" value="f"/>
                <edoras:property key="processid" value="#{id}"/>
                <edoras:property key="decisionvariable" value="f"/>
                <edoras:property key="receivinguserid" value=""/>
                <edoras:property key="stickymessage" value="Send templated message"/>
                <edoras:property key="actiondefinitionkey" value="create-wechat-template-action"/>
                <edoras:property key="decisionname" value="f"/>
                <edoras-vis:property key="notes" value=""/>
                <edoras-vis:property key="sendinguserid" value="digital.assistant"/>
                <edoras-vis:property key="fontsize" value=""/>
                <edoras-vis:property key="loopelementindexvariable" value="loopCounter"/>
                <edoras-vis:property key="fontstyle" value=""/>
                <edoras-vis:property key="fontcolor" value=""/>
                <edoras-vis:property key="exclusive" value="true"/>
                <edoras-vis:property key="id" value="send-action-definition13"/>
                <edoras-vis:property key="skipexpression" value=""/>
                <edoras-vis:property key="name_i18n-key" value=""/>
                <edoras-vis:property key="stencilid" value="send-action-definition"/>
                <edoras-vis:property key="tasktype" value="Service"/>
                <edoras-vis:property key="customstencil" value="true"/>
                <edoras-vis:property key="documentation" value=""/>
                <edoras-vis:property key="customnamespace" value="http://b3mn.org/stencilset/questionnaire.process.palette.xml#"/>
                <edoras-vis:property key="bgcolor" value="#ffffff"/>
                <edoras-vis:property key="loopelementvariable" value=""/>
                <edoras-vis:property key="decisionvariable" value="f"/>
                <edoras-vis:property key="name" value="Send Template Action to Conversation"/>
                <edoras-vis:property key="receivinguserid" value=""/>
                <edoras-vis:property key="guid" value="GEAR-1b462787-1f39-478f-81cc-177b4ed8e1e7"/>
                <edoras-vis:property key="decisionname" value="f"/>
                <edoras-vis:property key="callacitivity" value="false"/>
                <edoras-vis:property key="sendfollowuptasks" value="false"/>
                <edoras-vis:property key="looptype" value="None"/>
                <edoras-vis:property key="conversationid" value="#{clientConversationId}"/>
                <edoras-vis:property key="completioncondition" value=""/>
                <edoras-vis:property key="genericproperty" value=""/>
                <edoras-vis:property key="loopcardinality" value=""/>
                <edoras-vis:property key="stencilsuperids" value="[&quot;Task&quot;,&quot;ServiceTask&quot;]"/>
                <edoras-vis:property key="name_en_us" value="Send Template Action to Conversation"/>
                <edoras-vis:property key="resultvariable" value=""/>
                <edoras-vis:property key="fontweight" value=""/>
                <edoras-vis:property key="documentation_i18n-key" value=""/>
                <edoras-vis:property key="stencilsuperid" value="ServiceTask"/>
                <edoras-vis:property key="categories" value=""/>
                <edoras-vis:property key="disablesecurity" value="false"/>
                <edoras-vis:property key="class" value=""/>
                <edoras-vis:property key="expression" value="#{conversationProcessService.sendActionDefinition(execution)}"/>
                <edoras-vis:property key="loopcollection" value=""/>
                <edoras-vis:property key="bordercolor" value="#000000"/>
                <edoras-vis:property key="delegateexpression" value=""/>
                <edoras-vis:property key="async" value="false"/>
                <edoras-vis:property key="oldresourceid" value="sid-4E7585A2-7406-434E-8075-2C436B527AFA"/>
                <edoras-vis:property key="signalname" value="f"/>
                <edoras-vis:property key="customstencilid" value="send-action-definition"/>
                <edoras-vis:property key="xmltag" value="ServiceTask"/>
                <edoras-vis:property key="processid" value="#{id}"/>
                <edoras-vis:property key="isforcompensation" value="false"/>
                <edoras-vis:property key="stickymessage" value="Send templated message"/>
                <edoras-vis:property key="documentation_en_us" value=""/>
                <edoras-vis:property key="actiondefinitionkey" value="create-wechat-template-action"/>
                <edoras-vis:property key="properties" value=""/>
            </extensionElements>
        </serviceTask>
        <intermediateCatchEvent id="cloudintermediatetimereventcatching1">
            <extensionElements>
                <signavio:signavioLabel ref="text_name"
                                        styles="{&quot;size&quot;:&quot;12&quot;,&quot;bold&quot;:false,&quot;fill&quot;:&quot;#000000&quot;,&quot;italic&quot;:false}"/>
                <edoras:property key="i18n.en.name" value=""/>
                <edoras-vis:property key="notes" value=""/>
                <edoras-vis:property key="fontsize" value=""/>
                <edoras-vis:property key="timerproperites"
                                     value="{&quot;timeduration&quot;:&quot;${propertyConfigurationService.getProperty('flowable.external-system.wechat.timeout.reschedule-duration', 'PT48H')}&quot;}"/>
                <edoras-vis:property key="genericproperty" value=""/>
                <edoras-vis:property key="timedate" value=""/>
                <edoras-vis:property key="stencilsuperids" value="[&quot;IntermediateTimerEvent&quot;]"/>
                <edoras-vis:property key="timecycle" value=""/>
                <edoras-vis:property key="name_en_us" value=""/>
                <edoras-vis:property key="fontweight" value=""/>
                <edoras-vis:property key="fontstyle" value=""/>
                <edoras-vis:property key="fontcolor" value=""/>
                <edoras-vis:property key="stencilsuperid" value="IntermediateTimerEvent"/>
                <edoras-vis:property key="id" value="cloudintermediatetimereventcatching1"/>
                <edoras-vis:property key="name_i18n-key" value=""/>
                <edoras-vis:property key="stencilid" value="cloudintermediatetimereventcatching"/>
                <edoras-vis:property key="customstencil" value="true"/>
                <edoras-vis:property key="documentation" value=""/>
                <edoras-vis:property key="executionlistener" value=""/>
                <edoras-vis:property key="name-run" value=""/>
                <edoras-vis:property key="trigger" value="Timer"/>
                <edoras-vis:property key="name_en_us-run" value=""/>
                <edoras-vis:property key="customnamespace" value="http://b3mn.org/stencilset/default.flowable.process.palette.xml#"/>
                <edoras-vis:property key="bordercolor" value="#000000"/>
                <edoras-vis:property key="oldresourceid" value=""/>
                <edoras-vis:property key="bgcolor" value="#ffffff"/>
                <edoras-vis:property key="customstencilid" value="cloudintermediatetimereventcatching"/>
                <edoras-vis:property key="timeduration"
                                     value="${propertyConfigurationService.getProperty('flowable.external-system.wechat.timeout.reschedule-duration', 'PT48H')}"/>
                <edoras-vis:property key="xmltag" value="IntermediateTimerEvent"/>
                <edoras-vis:property key="name" value=""/>
            </extensionElements>
            <timerEventDefinition id="timerEventDefinition1">
                <timeDuration id="cloudintermediatetimereventcatching1_formalExpression1" xsi:type="tFormalExpression">
                    ${propertyConfigurationService.getProperty('flowable.external-system.wechat.timeout.reschedule-duration', 'PT48H')}
                </timeDuration>
            </timerEventDefinition>
        </intermediateCatchEvent>
        <serviceTask flowable:async="false" flowable:expression="${conversationService.removeTags(clientConversationId, listOf('timeout'))}"
                     id="cloudservicetask5" name="Untag timeout from conversation">
            <extensionElements>
                <flowable:field expression="false" name="disablesecurity"/>
                <signavio:signavioLabel ref="text_name"
                                        styles="{&quot;size&quot;:&quot;12&quot;,&quot;bold&quot;:false,&quot;fill&quot;:&quot;#000000&quot;,&quot;italic&quot;:false}"/>
                <edoras:property key="i18n.en.name" value="Untag timeout from conversation"/>
                <edoras-vis:property key="callacitivity" value="false"/>
                <edoras-vis:property key="notes" value=""/>
                <edoras-vis:property key="looptype" value="None"/>
                <edoras-vis:property key="classfields" value=""/>
                <edoras-vis:property key="completioncondition" value=""/>
                <edoras-vis:property key="fontsize" value=""/>
                <edoras-vis:property key="loopelementindexvariable" value="loopCounter"/>
                <edoras-vis:property key="genericproperty" value=""/>
                <edoras-vis:property key="loopcardinality" value=""/>
                <edoras-vis:property key="stencilsuperids" value="[&quot;Task&quot;,&quot;ServiceTask&quot;]"/>
                <edoras-vis:property key="name_en_us" value="Untag timeout from conversation"/>
                <edoras-vis:property key="resultvariable" value=""/>
                <edoras-vis:property key="fontweight" value=""/>
                <edoras-vis:property key="fontstyle" value=""/>
                <edoras-vis:property key="fontcolor" value=""/>
                <edoras-vis:property key="exclusive" value="true"/>
                <edoras-vis:property key="stencilsuperid" value="ServiceTask"/>
                <edoras-vis:property key="categories" value=""/>
                <edoras-vis:property key="disablesecurity" value="false"/>
                <edoras-vis:property key="id" value="cloudservicetask5"/>
                <edoras-vis:property key="skipexpression" value=""/>
                <edoras-vis:property key="class" value=""/>
                <edoras-vis:property key="name_i18n-key" value=""/>
                <edoras-vis:property key="stencilid" value="cloudservicetask"/>
                <edoras-vis:property key="expression" value="${conversationService.removeTags(clientConversationId, listOf('timeout'))}"/>
                <edoras-vis:property key="tasktype" value="Service"/>
                <edoras-vis:property key="customstencil" value="true"/>
                <edoras-vis:property key="documentation" value=""/>
                <edoras-vis:property key="loopcollection" value=""/>
                <edoras-vis:property key="name-run" value=""/>
                <edoras-vis:property key="name_en_us-run" value=""/>
                <edoras-vis:property key="customnamespace" value="http://b3mn.org/stencilset/default.flowable.process.palette.xml#"/>
                <edoras-vis:property key="bordercolor" value="#000000"/>
                <edoras-vis:property key="delegateexpression" value=""/>
                <edoras-vis:property key="async" value="false"/>
                <edoras-vis:property key="oldresourceid" value=""/>
                <edoras-vis:property key="bgcolor" value="#ffffff"/>
                <edoras-vis:property key="customstencilid" value="cloudservicetask"/>
                <edoras-vis:property key="xmltag" value="ServiceTask"/>
                <edoras-vis:property key="loopelementvariable" value=""/>
                <edoras-vis:property key="name" value="Untag timeout from conversation"/>
                <edoras-vis:property key="guid" value="GEAR-53593534-d80f-421e-90fe-8a2011627311"/>
                <edoras-vis:property key="isforcompensation" value="false"/>
                <edoras-vis:property key="properties" value=""/>
            </extensionElements>
        </serviceTask>
        <serviceTask flowable:async="false"
                     flowable:expression="#{conversationProcessService.removeMessagesForActionDefinition(clientConversationId, 'create-wechat-template-action', 'digital.assistant')}"
                     id="cloudservicetask4" name="Delete previous Action if present">
            <extensionElements>
                <flowable:field expression="false" name="disablesecurity"/>
                <signavio:signavioLabel ref="text_name"
                                        styles="{&quot;size&quot;:&quot;12&quot;,&quot;bold&quot;:false,&quot;fill&quot;:&quot;#000000&quot;,&quot;italic&quot;:false}"/>
                <edoras:property key="i18n.en.name" value="Delete previous Action if present"/>
                <edoras-vis:property key="callacitivity" value="false"/>
                <edoras-vis:property key="notes" value=""/>
                <edoras-vis:property key="looptype" value="None"/>
                <edoras-vis:property key="classfields" value=""/>
                <edoras-vis:property key="completioncondition" value=""/>
                <edoras-vis:property key="fontsize" value=""/>
                <edoras-vis:property key="loopelementindexvariable" value="loopCounter"/>
                <edoras-vis:property key="genericproperty" value=""/>
                <edoras-vis:property key="loopcardinality" value=""/>
                <edoras-vis:property key="stencilsuperids" value="[&quot;Task&quot;,&quot;ServiceTask&quot;]"/>
                <edoras-vis:property key="name_en_us" value="Delete previous Action if present"/>
                <edoras-vis:property key="resultvariable" value=""/>
                <edoras-vis:property key="fontweight" value=""/>
                <edoras-vis:property key="fontstyle" value=""/>
                <edoras-vis:property key="fontcolor" value=""/>
                <edoras-vis:property key="exclusive" value="true"/>
                <edoras-vis:property key="stencilsuperid" value="ServiceTask"/>
                <edoras-vis:property key="categories" value=""/>
                <edoras-vis:property key="disablesecurity" value="false"/>
                <edoras-vis:property key="id" value="cloudservicetask4"/>
                <edoras-vis:property key="skipexpression" value=""/>
                <edoras-vis:property key="class" value=""/>
                <edoras-vis:property key="name_i18n-key" value=""/>
                <edoras-vis:property key="stencilid" value="cloudservicetask"/>
                <edoras-vis:property key="expression"
                                     value="#{conversationProcessService.removeMessagesForActionDefinition(clientConversationId, 'create-wechat-template-action', 'digital.assistant')}"/>
                <edoras-vis:property key="tasktype" value="Service"/>
                <edoras-vis:property key="customstencil" value="true"/>
                <edoras-vis:property key="documentation" value=""/>
                <edoras-vis:property key="loopcollection" value=""/>
                <edoras-vis:property key="name-run" value=""/>
                <edoras-vis:property key="name_en_us-run" value=""/>
                <edoras-vis:property key="customnamespace" value="http://b3mn.org/stencilset/default.flowable.process.palette.xml#"/>
                <edoras-vis:property key="bordercolor" value="#000000"/>
                <edoras-vis:property key="delegateexpression" value=""/>
                <edoras-vis:property key="async" value="false"/>
                <edoras-vis:property key="oldresourceid" value=""/>
                <edoras-vis:property key="bgcolor" value="#ffffff"/>
                <edoras-vis:property key="customstencilid" value="cloudservicetask"/>
                <edoras-vis:property key="xmltag" value="ServiceTask"/>
                <edoras-vis:property key="loopelementvariable" value=""/>
                <edoras-vis:property key="name" value="Delete previous Action if present"/>
                <edoras-vis:property key="guid" value="GEAR-4005fc42-947e-4f43-bb46-7e40f1f41ed5"/>
                <edoras-vis:property key="isforcompensation" value="false"/>
                <edoras-vis:property key="properties" value=""/>
            </extensionElements>
        </serviceTask>
        <startEvent flowable:assignee="digital.assistant" id="cloudstartnoneevent1">
            <extensionElements>
                <signavio:signavioLabel ref="text_name"
                                        styles="{&quot;size&quot;:&quot;12&quot;,&quot;bold&quot;:false,&quot;fill&quot;:&quot;#000000&quot;,&quot;italic&quot;:false}"/>
                <edoras:property key="formproperties" value=""/>
                <edoras:property key="i18n.en.name" value=""/>
                <edoras:property key="formkey" value=""/>
                <edoras:property key="initiator" value="digital.assistant"/>
                <edoras-vis:property key="formproperties" value=""/>
                <edoras-vis:property key="notes" value=""/>
                <edoras-vis:property key="formkey" value=""/>
                <edoras-vis:property key="initiator" value="digital.assistant"/>
                <edoras-vis:property key="fontsize" value=""/>
                <edoras-vis:property key="genericproperty" value=""/>
                <edoras-vis:property key="stencilsuperids" value="[&quot;StartNoneEvent&quot;]"/>
                <edoras-vis:property key="name_en_us" value=""/>
                <edoras-vis:property key="fontweight" value=""/>
                <edoras-vis:property key="fontstyle" value=""/>
                <edoras-vis:property key="fontcolor" value=""/>
                <edoras-vis:property key="stencilsuperid" value="StartNoneEvent"/>
                <edoras-vis:property key="id" value="cloudstartnoneevent1"/>
                <edoras-vis:property key="name_i18n-key" value=""/>
                <edoras-vis:property key="stencilid" value="cloudstartnoneevent"/>
                <edoras-vis:property key="customstencil" value="true"/>
                <edoras-vis:property key="documentation" value=""/>
                <edoras-vis:property key="executionlistener" value=""/>
                <edoras-vis:property key="name-run" value=""/>
                <edoras-vis:property key="trigger" value="None"/>
                <edoras-vis:property key="name_en_us-run" value=""/>
                <edoras-vis:property key="customnamespace" value="http://b3mn.org/stencilset/default.flowable.process.palette.xml#"/>
                <edoras-vis:property key="bordercolor" value="#000000"/>
                <edoras-vis:property key="oldresourceid" value=""/>
                <edoras-vis:property key="bgcolor" value="#ffffff"/>
                <edoras-vis:property key="customstencilid" value="cloudstartnoneevent"/>
                <edoras-vis:property key="formreference" value=""/>
                <edoras-vis:property key="xmltag" value="StartNoneEvent"/>
                <edoras-vis:property key="name" value=""/>
            </extensionElements>
        </startEvent>
        <sequenceFlow id="sid-EBAA6028-F598-4CA4-AB08-DDA0B07B48FE" isImmediate="false" sourceRef="send-action-definition13" targetRef="cloudservicetask6">
            <extensionElements>
                <signavio:signavioLabel ref="text_name"
                                        styles="{&quot;size&quot;:&quot;12&quot;,&quot;bold&quot;:false,&quot;fill&quot;:&quot;#000000&quot;,&quot;italic&quot;:false}"/>
                <edoras-vis:property key="stencilid" value="SequenceFlow"/>
                <edoras-vis:property key="notes" value=""/>
                <edoras-vis:property key="customstencil" value="false"/>
                <edoras-vis:property key="documentation" value=""/>
                <edoras-vis:property key="conditiontype" value="None"/>
                <edoras-vis:property key="isimmediate" value="false"/>
                <edoras-vis:property key="fontsize" value=""/>
                <edoras-vis:property key="genericproperty" value=""/>
                <edoras-vis:property key="conditionexpression" value=""/>
                <edoras-vis:property key="bordercolor" value="#000000"/>
                <edoras-vis:property key="stencilsuperids" value="[&quot;SequenceFlow&quot;]"/>
                <edoras-vis:property key="name_en_us" value=""/>
                <edoras-vis:property key="oldresourceid" value="sid-EBAA6028-F598-4CA4-AB08-DDA0B07B48FE"/>
                <edoras-vis:property key="fontweight" value=""/>
                <edoras-vis:property key="fontstyle" value=""/>
                <edoras-vis:property key="xmltag" value="SequenceFlow"/>
                <edoras-vis:property key="documentation_i18n-key" value=""/>
                <edoras-vis:property key="name" value=""/>
                <edoras-vis:property key="fontcolor" value=""/>
                <edoras-vis:property key="stencilsuperid" value="SequenceFlow"/>
                <edoras-vis:property key="id" value="sid-EBAA6028-F598-4CA4-AB08-DDA0B07B48FE"/>
                <edoras-vis:property key="documentation_en_us" value=""/>
                <edoras-vis:property key="name_i18n-key" value=""/>
                <edoras-vis:property key="showdiamondmarker" value="false"/>
            </extensionElements>
        </sequenceFlow>
        <sequenceFlow id="sequenceFlow1" isImmediate="false" sourceRef="cloudintermediatetimereventcatching1" targetRef="send-action-definition13">
            <extensionElements>
                <signavio:signavioLabel ref="text_name"
                                        styles="{&quot;size&quot;:&quot;12&quot;,&quot;bold&quot;:false,&quot;fill&quot;:&quot;#000000&quot;,&quot;italic&quot;:false}"/>
                <edoras-vis:property key="stencilid" value="SequenceFlow"/>
                <edoras-vis:property key="notes" value=""/>
                <edoras-vis:property key="customstencil" value="false"/>
                <edoras-vis:property key="documentation" value=""/>
                <edoras-vis:property key="conditiontype" value="None"/>
                <edoras-vis:property key="isimmediate" value="false"/>
                <edoras-vis:property key="fontsize" value=""/>
                <edoras-vis:property key="genericproperty" value=""/>
                <edoras-vis:property key="conditionexpression" value=""/>
                <edoras-vis:property key="bordercolor" value="#000000"/>
                <edoras-vis:property key="stencilsuperids" value="[&quot;SequenceFlow&quot;]"/>
                <edoras-vis:property key="name_en_us" value=""/>
                <edoras-vis:property key="oldresourceid" value=""/>
                <edoras-vis:property key="fontweight" value=""/>
                <edoras-vis:property key="fontstyle" value=""/>
                <edoras-vis:property key="xmltag" value="SequenceFlow"/>
                <edoras-vis:property key="documentation_i18n-key" value=""/>
                <edoras-vis:property key="name" value=""/>
                <edoras-vis:property key="fontcolor" value=""/>
                <edoras-vis:property key="stencilsuperid" value="SequenceFlow"/>
                <edoras-vis:property key="id" value="sequenceFlow1"/>
                <edoras-vis:property key="documentation_en_us" value=""/>
                <edoras-vis:property key="name_i18n-key" value=""/>
                <edoras-vis:property key="showdiamondmarker" value="false"/>
            </extensionElements>
        </sequenceFlow>
        <sequenceFlow id="cloudsequenceflow1" isImmediate="false" sourceRef="cloudstartnoneevent1" targetRef="cloudservicetask4">
            <extensionElements>
                <signavio:signavioLabel ref="text_name"
                                        styles="{&quot;size&quot;:&quot;12&quot;,&quot;bold&quot;:false,&quot;fill&quot;:&quot;#000000&quot;,&quot;italic&quot;:false}"/>
                <edoras:property key="i18n.en.name" value=""/>
                <edoras-vis:property key="notes" value=""/>
                <edoras-vis:property key="conditiontype" value="None"/>
                <edoras-vis:property key="isimmediate" value="false"/>
                <edoras-vis:property key="fontsize" value=""/>
                <edoras-vis:property key="genericproperty" value=""/>
                <edoras-vis:property key="stencilsuperids" value="[&quot;SequenceFlow&quot;]"/>
                <edoras-vis:property key="name_en_us" value=""/>
                <edoras-vis:property key="fontweight" value=""/>
                <edoras-vis:property key="fontstyle" value=""/>
                <edoras-vis:property key="fontcolor" value=""/>
                <edoras-vis:property key="stencilsuperid" value="SequenceFlow"/>
                <edoras-vis:property key="id" value="cloudsequenceflow1"/>
                <edoras-vis:property key="showdiamondmarker" value="false"/>
                <edoras-vis:property key="name_i18n-key" value=""/>
                <edoras-vis:property key="stencilid" value="cloudsequenceflow"/>
                <edoras-vis:property key="customstencil" value="true"/>
                <edoras-vis:property key="documentation" value=""/>
                <edoras-vis:property key="name-run" value=""/>
                <edoras-vis:property key="conditionexpression" value=""/>
                <edoras-vis:property key="name_en_us-run" value=""/>
                <edoras-vis:property key="customnamespace" value="http://b3mn.org/stencilset/default.flowable.process.palette.xml#"/>
                <edoras-vis:property key="bordercolor" value="#000000"/>
                <edoras-vis:property key="oldresourceid" value=""/>
                <edoras-vis:property key="bgcolor" value="#ffffff"/>
                <edoras-vis:property key="customstencilid" value="cloudsequenceflow"/>
                <edoras-vis:property key="xmltag" value="SequenceFlow"/>
                <edoras-vis:property key="name" value=""/>
            </extensionElements>
        </sequenceFlow>
        <sequenceFlow id="sequenceFlow4" isImmediate="false" sourceRef="cloudservicetask3" targetRef="sid-DBD44E8C-A676-4DAB-B412-B9B165CF7250">
            <extensionElements>
                <signavio:signavioLabel ref="text_name"
                                        styles="{&quot;size&quot;:&quot;12&quot;,&quot;bold&quot;:false,&quot;fill&quot;:&quot;#000000&quot;,&quot;italic&quot;:false}"/>
                <edoras-vis:property key="stencilid" value="SequenceFlow"/>
                <edoras-vis:property key="notes" value=""/>
                <edoras-vis:property key="customstencil" value="false"/>
                <edoras-vis:property key="documentation" value=""/>
                <edoras-vis:property key="conditiontype" value="None"/>
                <edoras-vis:property key="isimmediate" value="false"/>
                <edoras-vis:property key="fontsize" value=""/>
                <edoras-vis:property key="genericproperty" value=""/>
                <edoras-vis:property key="conditionexpression" value=""/>
                <edoras-vis:property key="bordercolor" value="#000000"/>
                <edoras-vis:property key="stencilsuperids" value="[&quot;SequenceFlow&quot;]"/>
                <edoras-vis:property key="name_en_us" value=""/>
                <edoras-vis:property key="oldresourceid" value=""/>
                <edoras-vis:property key="fontweight" value=""/>
                <edoras-vis:property key="fontstyle" value=""/>
                <edoras-vis:property key="xmltag" value="SequenceFlow"/>
                <edoras-vis:property key="documentation_i18n-key" value=""/>
                <edoras-vis:property key="name" value=""/>
                <edoras-vis:property key="fontcolor" value=""/>
                <edoras-vis:property key="stencilsuperid" value="SequenceFlow"/>
                <edoras-vis:property key="id" value="sequenceFlow4"/>
                <edoras-vis:property key="documentation_en_us" value=""/>
                <edoras-vis:property key="name_i18n-key" value=""/>
                <edoras-vis:property key="showdiamondmarker" value="false"/>
            </extensionElements>
        </sequenceFlow>
        <sequenceFlow id="cloudsequenceflow2" isImmediate="false" sourceRef="cloudservicetask4" targetRef="cloudservicetask5">
            <extensionElements>
                <signavio:signavioLabel ref="text_name"
                                        styles="{&quot;size&quot;:&quot;12&quot;,&quot;bold&quot;:false,&quot;fill&quot;:&quot;#000000&quot;,&quot;italic&quot;:false}"/>
                <edoras:property key="i18n.en.name" value=""/>
                <edoras-vis:property key="notes" value=""/>
                <edoras-vis:property key="conditiontype" value="None"/>
                <edoras-vis:property key="isimmediate" value="false"/>
                <edoras-vis:property key="fontsize" value=""/>
                <edoras-vis:property key="genericproperty" value=""/>
                <edoras-vis:property key="stencilsuperids" value="[&quot;SequenceFlow&quot;]"/>
                <edoras-vis:property key="name_en_us" value=""/>
                <edoras-vis:property key="fontweight" value=""/>
                <edoras-vis:property key="fontstyle" value=""/>
                <edoras-vis:property key="fontcolor" value=""/>
                <edoras-vis:property key="stencilsuperid" value="SequenceFlow"/>
                <edoras-vis:property key="id" value="cloudsequenceflow2"/>
                <edoras-vis:property key="showdiamondmarker" value="false"/>
                <edoras-vis:property key="name_i18n-key" value=""/>
                <edoras-vis:property key="stencilid" value="cloudsequenceflow"/>
                <edoras-vis:property key="customstencil" value="true"/>
                <edoras-vis:property key="documentation" value=""/>
                <edoras-vis:property key="name-run" value=""/>
                <edoras-vis:property key="conditionexpression" value=""/>
                <edoras-vis:property key="name_en_us-run" value=""/>
                <edoras-vis:property key="customnamespace" value="http://b3mn.org/stencilset/default.flowable.process.palette.xml#"/>
                <edoras-vis:property key="bordercolor" value="#000000"/>
                <edoras-vis:property key="oldresourceid" value=""/>
                <edoras-vis:property key="bgcolor" value="#ffffff"/>
                <edoras-vis:property key="customstencilid" value="cloudsequenceflow"/>
                <edoras-vis:property key="xmltag" value="SequenceFlow"/>
                <edoras-vis:property key="name" value=""/>
            </extensionElements>
        </sequenceFlow>
        <sequenceFlow id="cloudsequenceflow3" isImmediate="false" sourceRef="cloudservicetask5" targetRef="cloudintermediatetimereventcatching1">
            <extensionElements>
                <signavio:signavioLabel ref="text_name"
                                        styles="{&quot;size&quot;:&quot;12&quot;,&quot;bold&quot;:false,&quot;fill&quot;:&quot;#000000&quot;,&quot;italic&quot;:false}"/>
                <edoras:property key="i18n.en.name" value=""/>
                <edoras-vis:property key="notes" value=""/>
                <edoras-vis:property key="conditiontype" value="None"/>
                <edoras-vis:property key="isimmediate" value="false"/>
                <edoras-vis:property key="fontsize" value=""/>
                <edoras-vis:property key="genericproperty" value=""/>
                <edoras-vis:property key="stencilsuperids" value="[&quot;SequenceFlow&quot;]"/>
                <edoras-vis:property key="name_en_us" value=""/>
                <edoras-vis:property key="fontweight" value=""/>
                <edoras-vis:property key="fontstyle" value=""/>
                <edoras-vis:property key="fontcolor" value=""/>
                <edoras-vis:property key="stencilsuperid" value="SequenceFlow"/>
                <edoras-vis:property key="id" value="cloudsequenceflow3"/>
                <edoras-vis:property key="showdiamondmarker" value="false"/>
                <edoras-vis:property key="name_i18n-key" value=""/>
                <edoras-vis:property key="stencilid" value="cloudsequenceflow"/>
                <edoras-vis:property key="customstencil" value="true"/>
                <edoras-vis:property key="documentation" value=""/>
                <edoras-vis:property key="name-run" value=""/>
                <edoras-vis:property key="conditionexpression" value=""/>
                <edoras-vis:property key="name_en_us-run" value=""/>
                <edoras-vis:property key="customnamespace" value="http://b3mn.org/stencilset/default.flowable.process.palette.xml#"/>
                <edoras-vis:property key="bordercolor" value="#000000"/>
                <edoras-vis:property key="oldresourceid" value=""/>
                <edoras-vis:property key="bgcolor" value="#ffffff"/>
                <edoras-vis:property key="customstencilid" value="cloudsequenceflow"/>
                <edoras-vis:property key="xmltag" value="SequenceFlow"/>
                <edoras-vis:property key="name" value=""/>
            </extensionElements>
        </sequenceFlow>
        <sequenceFlow id="sequenceFlow5" isImmediate="false" sourceRef="cloudservicetask6" targetRef="cloudservicetask3">
            <extensionElements>
                <signavio:signavioLabel ref="text_name"
                                        styles="{&quot;size&quot;:&quot;12&quot;,&quot;bold&quot;:false,&quot;fill&quot;:&quot;#000000&quot;,&quot;italic&quot;:false}"/>
                <edoras-vis:property key="stencilid" value="SequenceFlow"/>
                <edoras-vis:property key="notes" value=""/>
                <edoras-vis:property key="customstencil" value="false"/>
                <edoras-vis:property key="documentation" value=""/>
                <edoras-vis:property key="conditiontype" value="None"/>
                <edoras-vis:property key="isimmediate" value="false"/>
                <edoras-vis:property key="fontsize" value=""/>
                <edoras-vis:property key="genericproperty" value=""/>
                <edoras-vis:property key="conditionexpression" value=""/>
                <edoras-vis:property key="bordercolor" value="#000000"/>
                <edoras-vis:property key="stencilsuperids" value="[&quot;SequenceFlow&quot;]"/>
                <edoras-vis:property key="name_en_us" value=""/>
                <edoras-vis:property key="oldresourceid" value=""/>
                <edoras-vis:property key="fontweight" value=""/>
                <edoras-vis:property key="fontstyle" value=""/>
                <edoras-vis:property key="xmltag" value="SequenceFlow"/>
                <edoras-vis:property key="documentation_i18n-key" value=""/>
                <edoras-vis:property key="name" value=""/>
                <edoras-vis:property key="fontcolor" value=""/>
                <edoras-vis:property key="stencilsuperid" value="SequenceFlow"/>
                <edoras-vis:property key="id" value="sequenceFlow5"/>
                <edoras-vis:property key="documentation_en_us" value=""/>
                <edoras-vis:property key="name_i18n-key" value=""/>
                <edoras-vis:property key="showdiamondmarker" value="false"/>
            </extensionElements>
        </sequenceFlow>
    </process>
    <bpmndi:BPMNDiagram id="bpmndiagram1">
        <bpmndi:BPMNPlane bpmnElement="FLW_WE_CHAT_P001_User_timeout" id="bpmnplane1">
            <bpmndi:BPMNShape bpmnElement="sid-DBD44E8C-A676-4DAB-B412-B9B165CF7250" id="sid-DBD44E8C-A676-4DAB-B412-B9B165CF7250_gui">
                <omgdc:Bounds height="28.0" width="28.0" x="984.0" y="162.389652116109"/>
            </bpmndi:BPMNShape>
            <bpmndi:BPMNShape bpmnElement="cloudservicetask3" id="cloudservicetask3_gui">
                <omgdc:Bounds height="80.0" width="100.0" x="836.0" y="136.389652116109"/>
            </bpmndi:BPMNShape>
            <bpmndi:BPMNShape bpmnElement="cloudservicetask6" id="cloudservicetask6_gui">
                <omgdc:Bounds height="80.0" width="100.0" x="680.0" y="136.0"/>
            </bpmndi:BPMNShape>
            <bpmndi:BPMNShape bpmnElement="send-action-definition13" id="send-action-definition13_gui">
                <omgdc:Bounds height="80.0" width="100.0" x="525.0" y="137.0"/>
            </bpmndi:BPMNShape>
            <bpmndi:BPMNShape bpmnElement="cloudintermediatetimereventcatching1" id="cloudintermediatetimereventcatching1_gui">
                <omgdc:Bounds height="30.0" width="30.0" x="457.0169510303567" y="161.389652116109"/>
            </bpmndi:BPMNShape>
            <bpmndi:BPMNShape bpmnElement="cloudservicetask5" id="cloudservicetask5_gui">
                <omgdc:Bounds height="80.0" width="100.0" x="314.0" y="136.0"/>
            </bpmndi:BPMNShape>
            <bpmndi:BPMNShape bpmnElement="cloudservicetask4" id="cloudservicetask4_gui">
                <omgdc:Bounds height="80.0" width="100.0" x="165.0" y="137.0"/>
            </bpmndi:BPMNShape>
            <bpmndi:BPMNShape bpmnElement="cloudstartnoneevent1" id="cloudstartnoneevent1_gui">
                <omgdc:Bounds height="30.0" width="30.0" x="75.0" y="161.0"/>
            </bpmndi:BPMNShape>
            <bpmndi:BPMNEdge bpmnElement="sequenceFlow5" id="sequenceFlow5_gui">
                <omgdi:waypoint x="780.0" y="176.0"/>
                <omgdi:waypoint x="836.0" y="176.0"/>
            </bpmndi:BPMNEdge>
            <bpmndi:BPMNEdge bpmnElement="sequenceFlow4" id="sequenceFlow4_gui">
                <omgdi:waypoint x="936.0" y="176.0"/>
                <omgdi:waypoint x="984.0" y="176.0"/>
            </bpmndi:BPMNEdge>
            <bpmndi:BPMNEdge bpmnElement="sequenceFlow1" id="sequenceFlow1_gui">
                <omgdi:waypoint x="487.0" y="176.0"/>
                <omgdi:waypoint x="525.0" y="177.0"/>
            </bpmndi:BPMNEdge>
            <bpmndi:BPMNEdge bpmnElement="cloudsequenceflow2" id="cloudsequenceflow2_gui">
                <omgdi:waypoint x="265.0" y="177.0"/>
                <omgdi:waypoint x="289.5" y="177.0"/>
                <omgdi:waypoint x="289.5" y="176.0"/>
                <omgdi:waypoint x="314.0" y="176.0"/>
            </bpmndi:BPMNEdge>
            <bpmndi:BPMNEdge bpmnElement="cloudsequenceflow3" id="cloudsequenceflow3_gui">
                <omgdi:waypoint x="414.0" y="176.0"/>
                <omgdi:waypoint x="457.0" y="176.0"/>
            </bpmndi:BPMNEdge>
            <bpmndi:BPMNEdge bpmnElement="cloudsequenceflow1" id="cloudsequenceflow1_gui">
                <omgdi:waypoint x="105.0" y="175.0"/>
                <omgdi:waypoint x="135.0" y="175.610347883891"/>
                <omgdi:waypoint x="135.0" y="177.0"/>
                <omgdi:waypoint x="165.0" y="177.0"/>
            </bpmndi:BPMNEdge>
            <bpmndi:BPMNEdge bpmnElement="sid-EBAA6028-F598-4CA4-AB08-DDA0B07B48FE" id="sid-EBAA6028-F598-4CA4-AB08-DDA0B07B48FE_gui">
                <omgdi:waypoint x="625.0" y="177.0"/>
                <omgdi:waypoint x="652.5" y="177.0"/>
                <omgdi:waypoint x="652.5" y="176.0"/>
                <omgdi:waypoint x="680.0" y="176.0"/>
            </bpmndi:BPMNEdge>
        </bpmndi:BPMNPlane>
    </bpmndi:BPMNDiagram>
</definitions>
