<?xml version="1.0" encoding="UTF-8"?>
<definitions xmlns="http://www.omg.org/spec/BPMN/20100524/MODEL" xmlns:bpmndi="http://www.omg.org/spec/BPMN/20100524/DI"
             xmlns:edoras="http://www.edorasware.com/schema/bpmn" xmlns:edoras-vis="http://www.edorasware.com/schema/vis"
             xmlns:flowable="http://flowable.org/bpmn" xmlns:omgdc="http://www.omg.org/spec/DD/20100524/DC" xmlns:omgdi="http://www.omg.org/spec/DD/20100524/DI"
             xmlns:signavio="http://www.signavio.com" xmlns:xsi="http://www.w3.org/2001/XMLSchema-instance" exporter="6.3.0-SNAPSHOT"
             exporterVersion="6.3.0-SNAPSHOT" targetNamespace="http://www.edorasware.com"
             xsi:schemaLocation="http://www.omg.org/spec/BPMN/20100524/MODEL http://www.omg.org/spec/BPMN/2.0/20100501/BPMN20.xsd http://www.omg.org/spec/BPMN/20100524/DI http://www.omg.org/spec/BPMN/2.0/20100501/BPMNDI.xsd http://www.omg.org/spec/DD/20100524/DC http://www.omg.org/spec/BPMN/2.0/20100501/DC.xsd http://www.omg.org/spec/DD/20100524/DI http://www.omg.org/spec/BPMN/2.0/20100501/DI.xsd http://www.edorasware.com/schema/bpmn http://www.edorasware.com/schema/bpmn/edoras-bpmn-extensions-3.0.2.xsd http://www.edorasware.com/schema/vis http://www.edorasware.com/schema/vis/edoras-vis-extensions-2.0.0.xsd">
    <process id="FLW_SYSTEM_P001_User_email_notification" isExecutable="true" name="User offline email notification">
        <extensionElements>
            <flowable:historyLevel>none</flowable:historyLevel>
            <edoras:property key="guid" value="PROCESS_MODEL-90f3cb35-cf55-4ef3-89af-e3242dc7cadd"/>
            <edoras:property key="actions" value=""/>
            <edoras-vis:property key="process_id" value="FLW_SYSTEM_P001_User_email_notification"/>
            <edoras-vis:property key="creationdate" value=""/>
            <edoras-vis:property key="notes" value=""/>
            <edoras-vis:property key="labelexpression" value=""/>
            <edoras-vis:property key="isexecutable" value="false"/>
            <edoras-vis:property key="fontsize" value=""/>
            <edoras-vis:property key="language" value="English"/>
            <edoras-vis:property key="genericproperty" value=""/>
            <edoras-vis:property key="stencilsuperids" value="[&quot;BPMNDiagram&quot;]"/>
            <edoras-vis:property key="name_en_us" value=""/>
            <edoras-vis:property key="fontweight" value=""/>
            <edoras-vis:property key="fontstyle" value=""/>
            <edoras-vis:property key="documentation_i18n-key" value=""/>
            <edoras-vis:property key="fontcolor" value=""/>
            <edoras-vis:property key="stencilsuperid" value="BPMNDiagram"/>
            <edoras-vis:property key="id" value="FLW_SYSTEM_P001_User_email_notification"/>
            <edoras-vis:property key="name_i18n-key" value=""/>
            <edoras-vis:property key="stencilid" value="BPMNDiagram"/>
            <edoras-vis:property key="customstencil" value="false"/>
            <edoras-vis:property key="author" value=""/>
            <edoras-vis:property key="documentation" value=""/>
            <edoras-vis:property key="modificationdate" value=""/>
            <edoras-vis:property key="version" value=""/>
            <edoras-vis:property key="bordercolor" value=""/>
            <edoras-vis:property key="oldresourceid" value=""/>
            <edoras-vis:property key="bgcolor" value=""/>
            <edoras-vis:property key="xmltag" value="BPMNDiagram"/>
            <edoras-vis:property key="isprocessexecutable" value="true"/>
            <edoras-vis:property key="name" value="User offline email notification"/>
            <edoras-vis:property key="guid" value="PROCESS_MODEL-90f3cb35-cf55-4ef3-89af-e3242dc7cadd"/>
            <edoras-vis:property key="documentation_en_us" value=""/>
            <edoras-vis:property key="actions" value=""/>
            <edoras-vis:property key="namespaces" value=""/>
        </extensionElements>
        <intermediateCatchEvent id="waitBeforeEmailNotification">
            <extensionElements>
                <signavio:signavioLabel ref="text_name"
                                        styles="{&quot;size&quot;:&quot;12&quot;,&quot;bold&quot;:false,&quot;fill&quot;:&quot;#000000&quot;,&quot;italic&quot;:false}"/>
                <edoras:property key="i18n.en.name" value=""/>
                <edoras-vis:property key="notes" value=""/>
                <edoras-vis:property key="fontsize" value=""/>
                <edoras-vis:property key="timerproperites" value="{&quot;timeduration&quot;:&quot;PT15M&quot;}"/>
                <edoras-vis:property key="genericproperty" value=""/>
                <edoras-vis:property key="timedate" value=""/>
                <edoras-vis:property key="stencilsuperids" value="[&quot;IntermediateTimerEvent&quot;]"/>
                <edoras-vis:property key="timecycle" value=""/>
                <edoras-vis:property key="name_en_us" value=""/>
                <edoras-vis:property key="fontweight" value=""/>
                <edoras-vis:property key="fontstyle" value=""/>
                <edoras-vis:property key="fontcolor" value=""/>
                <edoras-vis:property key="stencilsuperid" value="IntermediateTimerEvent"/>
                <edoras-vis:property key="id" value="waitBeforeEmailNotification"/>
                <edoras-vis:property key="name_i18n-key" value=""/>
                <edoras-vis:property key="stencilid" value="cloudintermediatetimereventcatching"/>
                <edoras-vis:property key="customstencil" value="true"/>
                <edoras-vis:property key="documentation" value=""/>
                <edoras-vis:property key="executionlistener" value=""/>
                <edoras-vis:property key="name-run" value=""/>
                <edoras-vis:property key="trigger" value="Timer"/>
                <edoras-vis:property key="name_en_us-run" value=""/>
                <edoras-vis:property key="customnamespace" value="http://b3mn.org/stencilset/default.flowable.process.palette.xml#"/>
                <edoras-vis:property key="bordercolor" value="#000000"/>
                <edoras-vis:property key="oldresourceid" value=""/>
                <edoras-vis:property key="bgcolor" value="#ffffff"/>
                <edoras-vis:property key="customstencilid" value="cloudintermediatetimereventcatching"/>
                <edoras-vis:property key="timeduration" value="PT15M"/>
                <edoras-vis:property key="xmltag" value="IntermediateTimerEvent"/>
                <edoras-vis:property key="name" value=""/>
            </extensionElements>
            <timerEventDefinition id="timerEventDefinition1">
                <timeDuration id="waitBeforeEmailNotification_formalExpression1" xsi:type="tFormalExpression">PT15M</timeDuration>
            </timerEventDefinition>
        </intermediateCatchEvent>
        <startEvent id="start">
            <extensionElements>
                <signavio:signavioLabel ref="text_name"
                                        styles="{&quot;size&quot;:&quot;12&quot;,&quot;bold&quot;:false,&quot;fill&quot;:&quot;#000000&quot;,&quot;italic&quot;:false}"/>
                <edoras:property key="formproperties" value=""/>
                <edoras:property key="i18n.en.name" value=""/>
                <edoras:property key="formkey" value=""/>
                <edoras:property key="initiator" value=""/>
                <edoras-vis:property key="formproperties" value=""/>
                <edoras-vis:property key="notes" value=""/>
                <edoras-vis:property key="formkey" value=""/>
                <edoras-vis:property key="initiator" value=""/>
                <edoras-vis:property key="fontsize" value=""/>
                <edoras-vis:property key="genericproperty" value=""/>
                <edoras-vis:property key="stencilsuperids" value="[&quot;StartNoneEvent&quot;]"/>
                <edoras-vis:property key="name_en_us" value=""/>
                <edoras-vis:property key="fontweight" value=""/>
                <edoras-vis:property key="fontstyle" value=""/>
                <edoras-vis:property key="fontcolor" value=""/>
                <edoras-vis:property key="stencilsuperid" value="StartNoneEvent"/>
                <edoras-vis:property key="id" value="start"/>
                <edoras-vis:property key="name_i18n-key" value=""/>
                <edoras-vis:property key="stencilid" value="cloudstartnoneevent"/>
                <edoras-vis:property key="customstencil" value="true"/>
                <edoras-vis:property key="documentation" value=""/>
                <edoras-vis:property key="executionlistener" value=""/>
                <edoras-vis:property key="name-run" value=""/>
                <edoras-vis:property key="trigger" value="None"/>
                <edoras-vis:property key="name_en_us-run" value=""/>
                <edoras-vis:property key="customnamespace" value="http://b3mn.org/stencilset/default.flowable.process.palette.xml#"/>
                <edoras-vis:property key="bordercolor" value="#000000"/>
                <edoras-vis:property key="oldresourceid" value=""/>
                <edoras-vis:property key="bgcolor" value="#ffffff"/>
                <edoras-vis:property key="customstencilid" value="cloudstartnoneevent"/>
                <edoras-vis:property key="formreference" value=""/>
                <edoras-vis:property key="xmltag" value="StartNoneEvent"/>
                <edoras-vis:property key="name" value=""/>
            </extensionElements>
        </startEvent>
        <exclusiveGateway default="cloudsequenceflow7" gatewayDirection="Diverging" id="cloudexclusivedatabasedgateway2">
            <extensionElements>
                <signavio:signavioLabel ref="text_name"
                                        styles="{&quot;size&quot;:&quot;12&quot;,&quot;bold&quot;:false,&quot;fill&quot;:&quot;#000000&quot;,&quot;italic&quot;:false}"/>
                <edoras:property key="i18n.en.name" value=""/>
                <edoras-vis:property key="notes" value=""/>
                <edoras-vis:property key="markervisible" value="true"/>
                <edoras-vis:property key="sequencefloworder" value=""/>
                <edoras-vis:property key="xortype" value=""/>
                <edoras-vis:property key="fontsize" value=""/>
                <edoras-vis:property key="genericproperty" value=""/>
                <edoras-vis:property key="stencilsuperids" value="[&quot;Exclusive_Databased_Gateway&quot;]"/>
                <edoras-vis:property key="name_en_us" value=""/>
                <edoras-vis:property key="fontweight" value=""/>
                <edoras-vis:property key="fontstyle" value=""/>
                <edoras-vis:property key="fontcolor" value=""/>
                <edoras-vis:property key="exclusive" value="true"/>
                <edoras-vis:property key="stencilsuperid" value="Exclusive_Databased_Gateway"/>
                <edoras-vis:property key="categories" value=""/>
                <edoras-vis:property key="id" value="cloudexclusivedatabasedgateway2"/>
                <edoras-vis:property key="name_i18n-key" value=""/>
                <edoras-vis:property key="stencilid" value="cloudexclusivedatabasedgateway"/>
                <edoras-vis:property key="gatewaytype" value=""/>
                <edoras-vis:property key="gate_assignments" value=""/>
                <edoras-vis:property key="customstencil" value="true"/>
                <edoras-vis:property key="documentation" value=""/>
                <edoras-vis:property key="name-run" value=""/>
                <edoras-vis:property key="name_en_us-run" value=""/>
                <edoras-vis:property key="customnamespace" value="http://b3mn.org/stencilset/default.flowable.process.palette.xml#"/>
                <edoras-vis:property key="bordercolor" value="#000000"/>
                <edoras-vis:property key="defaultgate" value=""/>
                <edoras-vis:property key="oldresourceid" value=""/>
                <edoras-vis:property key="bgcolor" value="#ffffff"/>
                <edoras-vis:property key="customstencilid" value="cloudexclusivedatabasedgateway"/>
                <edoras-vis:property key="xmltag" value="Exclusive_Databased_Gateway"/>
                <edoras-vis:property key="name" value=""/>
                <edoras-vis:property key="gate_outgoingsequenceflow" value=""/>
            </extensionElements>
        </exclusiveGateway>
        <endEvent id="end">
            <extensionElements>
                <signavio:signavioLabel ref="text_name"
                                        styles="{&quot;size&quot;:&quot;12&quot;,&quot;bold&quot;:false,&quot;fill&quot;:&quot;#000000&quot;,&quot;italic&quot;:false}"/>
                <edoras:property key="i18n.en.name" value=""/>
                <edoras-vis:property key="notes" value=""/>
                <edoras-vis:property key="fontsize" value=""/>
                <edoras-vis:property key="genericproperty" value=""/>
                <edoras-vis:property key="stencilsuperids" value="[&quot;EndNoneEvent&quot;]"/>
                <edoras-vis:property key="name_en_us" value=""/>
                <edoras-vis:property key="fontweight" value=""/>
                <edoras-vis:property key="fontstyle" value=""/>
                <edoras-vis:property key="fontcolor" value=""/>
                <edoras-vis:property key="stencilsuperid" value="EndNoneEvent"/>
                <edoras-vis:property key="id" value="end"/>
                <edoras-vis:property key="name_i18n-key" value=""/>
                <edoras-vis:property key="stencilid" value="cloudendnoneevent"/>
                <edoras-vis:property key="customstencil" value="true"/>
                <edoras-vis:property key="documentation" value=""/>
                <edoras-vis:property key="executionlistener" value=""/>
                <edoras-vis:property key="name-run" value=""/>
                <edoras-vis:property key="trigger" value="None"/>
                <edoras-vis:property key="name_en_us-run" value=""/>
                <edoras-vis:property key="customnamespace" value="http://b3mn.org/stencilset/default.flowable.process.palette.xml#"/>
                <edoras-vis:property key="bordercolor" value="#000000"/>
                <edoras-vis:property key="oldresourceid" value=""/>
                <edoras-vis:property key="bgcolor" value="#ffffff"/>
                <edoras-vis:property key="customstencilid" value="cloudendnoneevent"/>
                <edoras-vis:property key="xmltag" value="EndNoneEvent"/>
                <edoras-vis:property key="name" value=""/>
            </extensionElements>
        </endEvent>
        <exclusiveGateway default="flow3" gatewayDirection="Diverging" id="hasUnreadMessagesGateway">
            <extensionElements>
                <signavio:signavioLabel ref="text_name"
                                        styles="{&quot;size&quot;:&quot;12&quot;,&quot;bold&quot;:false,&quot;fill&quot;:&quot;#000000&quot;,&quot;italic&quot;:false}"/>
                <edoras:property key="i18n.en.name" value=""/>
                <edoras-vis:property key="notes" value=""/>
                <edoras-vis:property key="markervisible" value="true"/>
                <edoras-vis:property key="sequencefloworder" value=""/>
                <edoras-vis:property key="xortype" value=""/>
                <edoras-vis:property key="fontsize" value=""/>
                <edoras-vis:property key="genericproperty" value=""/>
                <edoras-vis:property key="stencilsuperids" value="[&quot;Exclusive_Databased_Gateway&quot;]"/>
                <edoras-vis:property key="name_en_us" value=""/>
                <edoras-vis:property key="fontweight" value=""/>
                <edoras-vis:property key="fontstyle" value=""/>
                <edoras-vis:property key="fontcolor" value=""/>
                <edoras-vis:property key="exclusive" value="true"/>
                <edoras-vis:property key="stencilsuperid" value="Exclusive_Databased_Gateway"/>
                <edoras-vis:property key="categories" value=""/>
                <edoras-vis:property key="id" value="hasUnreadMessagesGateway"/>
                <edoras-vis:property key="name_i18n-key" value=""/>
                <edoras-vis:property key="stencilid" value="cloudexclusivedatabasedgateway"/>
                <edoras-vis:property key="gatewaytype" value=""/>
                <edoras-vis:property key="gate_assignments" value=""/>
                <edoras-vis:property key="customstencil" value="true"/>
                <edoras-vis:property key="documentation" value=""/>
                <edoras-vis:property key="name-run" value=""/>
                <edoras-vis:property key="name_en_us-run" value=""/>
                <edoras-vis:property key="customnamespace" value="http://b3mn.org/stencilset/default.flowable.process.palette.xml#"/>
                <edoras-vis:property key="bordercolor" value="#000000"/>
                <edoras-vis:property key="defaultgate" value=""/>
                <edoras-vis:property key="oldresourceid" value=""/>
                <edoras-vis:property key="bgcolor" value="#ffffff"/>
                <edoras-vis:property key="customstencilid" value="cloudexclusivedatabasedgateway"/>
                <edoras-vis:property key="xmltag" value="Exclusive_Databased_Gateway"/>
                <edoras-vis:property key="name" value=""/>
                <edoras-vis:property key="gate_outgoingsequenceflow" value=""/>
            </extensionElements>
        </exclusiveGateway>
        <sendTask id="unreadMessagesEmail" flowable:type="mail" name="Send unread messages email">
            <extensionElements>
                <flowable:field name="ignoreException" stringValue="false"/>
                <flowable:field name="to">
                    <flowable:expression>${propertyConfigurationService.getProperty('flowable.mail.server.force-to', userInfo:findUserInfo('email', findUser(userId)))}</flowable:expression>
                </flowable:field>
                <flowable:field name="subject">
                    <flowable:string>You have unread messages in UBS Advisor Messaging</flowable:string>
                </flowable:field>
                <flowable:field name="html">
                    <flowable:expression>${templateService.processTemplate('unreadMessageNotificationEmail', null, templatePayload).getProcessedContent()}</flowable:expression>
                    <!--<flowable:expression>${templatePayload.toString()}</flowable:expression>-->
                </flowable:field>
            </extensionElements>
        </sendTask>
        <serviceTask flowable:async="false" flowable:delegateExpression="${unreadCountPerConversationTemplatePreparer}" id="emailTemplatePayloadPrepare"
                     name="Prepare email template payload">
            <extensionElements>
                <flowable:field expression="false" name="disablesecurity"/>
                <signavio:signavioLabel ref="text_name"
                                        styles="{&quot;size&quot;:&quot;12&quot;,&quot;bold&quot;:false,&quot;fill&quot;:&quot;#000000&quot;,&quot;italic&quot;:false}"/>
                <edoras:property key="i18n.en.name" value="Prepare email template payload"/>
                <edoras-vis:property key="callacitivity" value="false"/>
                <edoras-vis:property key="notes" value=""/>
                <edoras-vis:property key="looptype" value="None"/>
                <edoras-vis:property key="classfields" value=""/>
                <edoras-vis:property key="completioncondition" value=""/>
                <edoras-vis:property key="fontsize" value=""/>
                <edoras-vis:property key="loopelementindexvariable" value="loopCounter"/>
                <edoras-vis:property key="genericproperty" value=""/>
                <edoras-vis:property key="loopcardinality" value=""/>
                <edoras-vis:property key="stencilsuperids" value="[&quot;Task&quot;,&quot;ServiceTask&quot;]"/>
                <edoras-vis:property key="name_en_us" value="Prepare email template payload"/>
                <edoras-vis:property key="resultvariable" value=""/>
                <edoras-vis:property key="fontweight" value=""/>
                <edoras-vis:property key="fontstyle" value=""/>
                <edoras-vis:property key="fontcolor" value=""/>
                <edoras-vis:property key="exclusive" value="true"/>
                <edoras-vis:property key="stencilsuperid" value="ServiceTask"/>
                <edoras-vis:property key="categories" value=""/>
                <edoras-vis:property key="disablesecurity" value="false"/>
                <edoras-vis:property key="id" value="emailTemplatePayloadPrepare"/>
                <edoras-vis:property key="skipexpression" value=""/>
                <edoras-vis:property key="class" value=""/>
                <edoras-vis:property key="name_i18n-key" value=""/>
                <edoras-vis:property key="stencilid" value="cloudservicetask"/>
                <edoras-vis:property key="expression" value=""/>
                <edoras-vis:property key="tasktype" value="Service"/>
                <edoras-vis:property key="customstencil" value="true"/>
                <edoras-vis:property key="documentation" value=""/>
                <edoras-vis:property key="loopcollection" value=""/>
                <edoras-vis:property key="name-run" value=""/>
                <edoras-vis:property key="name_en_us-run" value=""/>
                <edoras-vis:property key="customnamespace" value="http://b3mn.org/stencilset/default.flowable.process.palette.xml#"/>
                <edoras-vis:property key="bordercolor" value="#000000"/>
                <edoras-vis:property key="delegateexpression" value="${unreadCountPerConversationTemplatePreparer}"/>
                <edoras-vis:property key="async" value="false"/>
                <edoras-vis:property key="oldresourceid" value=""/>
                <edoras-vis:property key="bgcolor" value="#ffffff"/>
                <edoras-vis:property key="customstencilid" value="cloudservicetask"/>
                <edoras-vis:property key="xmltag" value="ServiceTask"/>
                <edoras-vis:property key="loopelementvariable" value=""/>
                <edoras-vis:property key="name" value="Prepare email template payload"/>
                <edoras-vis:property key="guid" value="GEAR-b990f5f0-d6ba-4149-8e3d-4c652f0ad995"/>
                <edoras-vis:property key="isforcompensation" value="false"/>
                <edoras-vis:property key="properties" value=""/>
            </extensionElements>
        </serviceTask>
        <sequenceFlow id="flow3" isImmediate="false" sourceRef="hasUnreadMessagesGateway" targetRef="end">
            <extensionElements>
                <signavio:signavioLabel ref="text_name"
                                        styles="{&quot;size&quot;:&quot;12&quot;,&quot;bold&quot;:false,&quot;fill&quot;:&quot;#000000&quot;,&quot;italic&quot;:false}"/>
                <edoras:property key="i18n.en.name" value=""/>
                <edoras-vis:property key="notes" value=""/>
                <edoras-vis:property key="conditiontype" value="Default"/>
                <edoras-vis:property key="isimmediate" value="false"/>
                <edoras-vis:property key="fontsize" value=""/>
                <edoras-vis:property key="genericproperty" value=""/>
                <edoras-vis:property key="stencilsuperids" value="[&quot;SequenceFlow&quot;]"/>
                <edoras-vis:property key="name_en_us" value=""/>
                <edoras-vis:property key="fontweight" value=""/>
                <edoras-vis:property key="fontstyle" value=""/>
                <edoras-vis:property key="fontcolor" value=""/>
                <edoras-vis:property key="stencilsuperid" value="SequenceFlow"/>
                <edoras-vis:property key="id" value="flow3"/>
                <edoras-vis:property key="showdiamondmarker" value="false"/>
                <edoras-vis:property key="name_i18n-key" value=""/>
                <edoras-vis:property key="stencilid" value="cloudsequenceflow"/>
                <edoras-vis:property key="customstencil" value="true"/>
                <edoras-vis:property key="documentation" value=""/>
                <edoras-vis:property key="name-run" value=""/>
                <edoras-vis:property key="conditionexpression" value=""/>
                <edoras-vis:property key="name_en_us-run" value=""/>
                <edoras-vis:property key="customnamespace" value="http://b3mn.org/stencilset/default.flowable.process.palette.xml#"/>
                <edoras-vis:property key="bordercolor" value="#000000"/>
                <edoras-vis:property key="oldresourceid" value=""/>
                <edoras-vis:property key="bgcolor" value="#ffffff"/>
                <edoras-vis:property key="customstencilid" value="cloudsequenceflow"/>
                <edoras-vis:property key="xmltag" value="SequenceFlow"/>
                <edoras-vis:property key="name" value=""/>
            </extensionElements>
        </sequenceFlow>
        <sequenceFlow id="flow2" isImmediate="false" sourceRef="waitBeforeEmailNotification" targetRef="hasUnreadMessagesGateway">
            <extensionElements>
                <signavio:signavioLabel ref="text_name"
                                        styles="{&quot;size&quot;:&quot;12&quot;,&quot;bold&quot;:false,&quot;fill&quot;:&quot;#000000&quot;,&quot;italic&quot;:false}"/>
                <edoras:property key="i18n.en.name" value=""/>
                <edoras-vis:property key="notes" value=""/>
                <edoras-vis:property key="conditiontype" value="None"/>
                <edoras-vis:property key="isimmediate" value="false"/>
                <edoras-vis:property key="fontsize" value=""/>
                <edoras-vis:property key="genericproperty" value=""/>
                <edoras-vis:property key="stencilsuperids" value="[&quot;SequenceFlow&quot;]"/>
                <edoras-vis:property key="name_en_us" value=""/>
                <edoras-vis:property key="fontweight" value=""/>
                <edoras-vis:property key="fontstyle" value=""/>
                <edoras-vis:property key="fontcolor" value=""/>
                <edoras-vis:property key="stencilsuperid" value="SequenceFlow"/>
                <edoras-vis:property key="id" value="flow2"/>
                <edoras-vis:property key="showdiamondmarker" value="false"/>
                <edoras-vis:property key="name_i18n-key" value=""/>
                <edoras-vis:property key="stencilid" value="cloudsequenceflow"/>
                <edoras-vis:property key="customstencil" value="true"/>
                <edoras-vis:property key="documentation" value=""/>
                <edoras-vis:property key="name-run" value=""/>
                <edoras-vis:property key="conditionexpression" value=""/>
                <edoras-vis:property key="name_en_us-run" value=""/>
                <edoras-vis:property key="customnamespace" value="http://b3mn.org/stencilset/default.flowable.process.palette.xml#"/>
                <edoras-vis:property key="bordercolor" value="#000000"/>
                <edoras-vis:property key="oldresourceid" value=""/>
                <edoras-vis:property key="bgcolor" value="#ffffff"/>
                <edoras-vis:property key="customstencilid" value="cloudsequenceflow"/>
                <edoras-vis:property key="xmltag" value="SequenceFlow"/>
                <edoras-vis:property key="name" value=""/>
            </extensionElements>
        </sequenceFlow>
        <sequenceFlow id="cloudsequenceflow1" isImmediate="false" sourceRef="start" targetRef="cloudexclusivedatabasedgateway2">
            <extensionElements>
                <signavio:signavioLabel ref="text_name"
                                        styles="{&quot;size&quot;:&quot;12&quot;,&quot;bold&quot;:false,&quot;fill&quot;:&quot;#000000&quot;,&quot;italic&quot;:false}"/>
                <edoras:property key="i18n.en.name" value=""/>
                <edoras-vis:property key="notes" value=""/>
                <edoras-vis:property key="conditiontype" value="None"/>
                <edoras-vis:property key="isimmediate" value="false"/>
                <edoras-vis:property key="fontsize" value=""/>
                <edoras-vis:property key="genericproperty" value=""/>
                <edoras-vis:property key="stencilsuperids" value="[&quot;SequenceFlow&quot;]"/>
                <edoras-vis:property key="name_en_us" value=""/>
                <edoras-vis:property key="fontweight" value=""/>
                <edoras-vis:property key="fontstyle" value=""/>
                <edoras-vis:property key="fontcolor" value=""/>
                <edoras-vis:property key="stencilsuperid" value="SequenceFlow"/>
                <edoras-vis:property key="id" value="cloudsequenceflow1"/>
                <edoras-vis:property key="showdiamondmarker" value="false"/>
                <edoras-vis:property key="name_i18n-key" value=""/>
                <edoras-vis:property key="stencilid" value="cloudsequenceflow"/>
                <edoras-vis:property key="customstencil" value="true"/>
                <edoras-vis:property key="documentation" value=""/>
                <edoras-vis:property key="name-run" value=""/>
                <edoras-vis:property key="conditionexpression" value=""/>
                <edoras-vis:property key="name_en_us-run" value=""/>
                <edoras-vis:property key="customnamespace" value="http://b3mn.org/stencilset/default.flowable.process.palette.xml#"/>
                <edoras-vis:property key="bordercolor" value="#000000"/>
                <edoras-vis:property key="oldresourceid" value=""/>
                <edoras-vis:property key="bgcolor" value="#ffffff"/>
                <edoras-vis:property key="customstencilid" value="cloudsequenceflow"/>
                <edoras-vis:property key="xmltag" value="SequenceFlow"/>
                <edoras-vis:property key="name" value=""/>
            </extensionElements>
        </sequenceFlow>
        <sequenceFlow id="flow4" isImmediate="false" sourceRef="hasUnreadMessagesGateway" targetRef="emailTemplatePayloadPrepare">
            <extensionElements>
                <signavio:signavioLabel ref="text_name"
                                        styles="{&quot;size&quot;:&quot;12&quot;,&quot;bold&quot;:false,&quot;fill&quot;:&quot;#000000&quot;,&quot;italic&quot;:false}"/>
                <edoras:property key="i18n.en.name" value=""/>
                <edoras-vis:property key="notes" value=""/>
                <edoras-vis:property key="conditiontype" value="Expression"/>
                <edoras-vis:property key="isimmediate" value="false"/>
                <edoras-vis:property key="fontsize" value=""/>
                <edoras-vis:property key="genericproperty" value=""/>
                <edoras-vis:property key="stencilsuperids" value="[&quot;SequenceFlow&quot;]"/>
                <edoras-vis:property key="name_en_us" value=""/>
                <edoras-vis:property key="fontweight" value=""/>
                <edoras-vis:property key="fontstyle" value=""/>
                <edoras-vis:property key="fontcolor" value=""/>
                <edoras-vis:property key="stencilsuperid" value="SequenceFlow"/>
                <edoras-vis:property key="id" value="flow4"/>
                <edoras-vis:property key="showdiamondmarker" value="false"/>
                <edoras-vis:property key="name_i18n-key" value=""/>
                <edoras-vis:property key="stencilid" value="cloudsequenceflow"/>
                <edoras-vis:property key="customstencil" value="true"/>
                <edoras-vis:property key="documentation" value=""/>
                <edoras-vis:property key="name-run" value=""/>
                <edoras-vis:property key="conditionexpression" value="${conversationStatus:unreadCountForUser(userId) &gt; 0}"/>
                <edoras-vis:property key="name_en_us-run" value=""/>
                <edoras-vis:property key="customnamespace" value="http://b3mn.org/stencilset/default.flowable.process.palette.xml#"/>
                <edoras-vis:property key="bordercolor" value="#000000"/>
                <edoras-vis:property key="oldresourceid" value=""/>
                <edoras-vis:property key="bgcolor" value="#ffffff"/>
                <edoras-vis:property key="customstencilid" value="cloudsequenceflow"/>
                <edoras-vis:property key="xmltag" value="SequenceFlow"/>
                <edoras-vis:property key="name" value=""/>
            </extensionElements>
            <conditionExpression id="flow4_formalExpression1" xsi:type="tFormalExpression">${conversationStatus:unreadCountForUser(userId) &gt; 0}
            </conditionExpression>
        </sequenceFlow>
        <sequenceFlow id="flow6" isImmediate="false" sourceRef="unreadMessagesEmail" targetRef="end">
            <extensionElements>
                <signavio:signavioLabel ref="text_name"
                                        styles="{&quot;size&quot;:&quot;12&quot;,&quot;bold&quot;:false,&quot;fill&quot;:&quot;#000000&quot;,&quot;italic&quot;:false}"/>
                <edoras:property key="i18n.en.name" value=""/>
                <edoras-vis:property key="notes" value=""/>
                <edoras-vis:property key="conditiontype" value="None"/>
                <edoras-vis:property key="isimmediate" value="false"/>
                <edoras-vis:property key="fontsize" value=""/>
                <edoras-vis:property key="genericproperty" value=""/>
                <edoras-vis:property key="stencilsuperids" value="[&quot;SequenceFlow&quot;]"/>
                <edoras-vis:property key="name_en_us" value=""/>
                <edoras-vis:property key="fontweight" value=""/>
                <edoras-vis:property key="fontstyle" value=""/>
                <edoras-vis:property key="fontcolor" value=""/>
                <edoras-vis:property key="stencilsuperid" value="SequenceFlow"/>
                <edoras-vis:property key="id" value="flow6"/>
                <edoras-vis:property key="showdiamondmarker" value="false"/>
                <edoras-vis:property key="name_i18n-key" value=""/>
                <edoras-vis:property key="stencilid" value="cloudsequenceflow"/>
                <edoras-vis:property key="customstencil" value="true"/>
                <edoras-vis:property key="documentation" value=""/>
                <edoras-vis:property key="name-run" value=""/>
                <edoras-vis:property key="conditionexpression" value=""/>
                <edoras-vis:property key="name_en_us-run" value=""/>
                <edoras-vis:property key="customnamespace" value="http://b3mn.org/stencilset/default.flowable.process.palette.xml#"/>
                <edoras-vis:property key="bordercolor" value="#000000"/>
                <edoras-vis:property key="oldresourceid" value=""/>
                <edoras-vis:property key="bgcolor" value="#ffffff"/>
                <edoras-vis:property key="customstencilid" value="cloudsequenceflow"/>
                <edoras-vis:property key="xmltag" value="SequenceFlow"/>
                <edoras-vis:property key="name" value=""/>
            </extensionElements>
        </sequenceFlow>
        <sequenceFlow id="flow5" isImmediate="false" sourceRef="emailTemplatePayloadPrepare" targetRef="unreadMessagesEmail">
            <extensionElements>
                <signavio:signavioLabel ref="text_name"
                                        styles="{&quot;size&quot;:&quot;12&quot;,&quot;bold&quot;:false,&quot;fill&quot;:&quot;#000000&quot;,&quot;italic&quot;:false}"/>
                <edoras:property key="i18n.en.name" value=""/>
                <edoras-vis:property key="notes" value=""/>
                <edoras-vis:property key="conditiontype" value="None"/>
                <edoras-vis:property key="isimmediate" value="false"/>
                <edoras-vis:property key="fontsize" value=""/>
                <edoras-vis:property key="genericproperty" value=""/>
                <edoras-vis:property key="stencilsuperids" value="[&quot;SequenceFlow&quot;]"/>
                <edoras-vis:property key="name_en_us" value=""/>
                <edoras-vis:property key="fontweight" value=""/>
                <edoras-vis:property key="fontstyle" value=""/>
                <edoras-vis:property key="fontcolor" value=""/>
                <edoras-vis:property key="stencilsuperid" value="SequenceFlow"/>
                <edoras-vis:property key="id" value="flow5"/>
                <edoras-vis:property key="showdiamondmarker" value="false"/>
                <edoras-vis:property key="name_i18n-key" value=""/>
                <edoras-vis:property key="stencilid" value="cloudsequenceflow"/>
                <edoras-vis:property key="customstencil" value="true"/>
                <edoras-vis:property key="documentation" value=""/>
                <edoras-vis:property key="name-run" value=""/>
                <edoras-vis:property key="conditionexpression" value=""/>
                <edoras-vis:property key="name_en_us-run" value=""/>
                <edoras-vis:property key="customnamespace" value="http://b3mn.org/stencilset/default.flowable.process.palette.xml#"/>
                <edoras-vis:property key="bordercolor" value="#000000"/>
                <edoras-vis:property key="oldresourceid" value=""/>
                <edoras-vis:property key="bgcolor" value="#ffffff"/>
                <edoras-vis:property key="customstencilid" value="cloudsequenceflow"/>
                <edoras-vis:property key="xmltag" value="SequenceFlow"/>
                <edoras-vis:property key="name" value=""/>
            </extensionElements>
        </sequenceFlow>
        <sequenceFlow id="cloudsequenceflow7" isImmediate="false" sourceRef="cloudexclusivedatabasedgateway2" targetRef="waitBeforeEmailNotification">
            <extensionElements>
                <signavio:signavioLabel ref="text_name"
                                        styles="{&quot;size&quot;:&quot;12&quot;,&quot;bold&quot;:false,&quot;fill&quot;:&quot;#000000&quot;,&quot;italic&quot;:false}"/>
                <edoras:property key="i18n.en.name" value=""/>
                <edoras-vis:property key="notes" value=""/>
                <edoras-vis:property key="conditiontype" value="Default"/>
                <edoras-vis:property key="isimmediate" value="false"/>
                <edoras-vis:property key="fontsize" value=""/>
                <edoras-vis:property key="genericproperty" value=""/>
                <edoras-vis:property key="stencilsuperids" value="[&quot;SequenceFlow&quot;]"/>
                <edoras-vis:property key="name_en_us" value=""/>
                <edoras-vis:property key="fontweight" value=""/>
                <edoras-vis:property key="fontstyle" value=""/>
                <edoras-vis:property key="fontcolor" value=""/>
                <edoras-vis:property key="stencilsuperid" value="SequenceFlow"/>
                <edoras-vis:property key="id" value="cloudsequenceflow7"/>
                <edoras-vis:property key="showdiamondmarker" value="false"/>
                <edoras-vis:property key="name_i18n-key" value=""/>
                <edoras-vis:property key="stencilid" value="cloudsequenceflow"/>
                <edoras-vis:property key="customstencil" value="true"/>
                <edoras-vis:property key="documentation" value=""/>
                <edoras-vis:property key="name-run" value=""/>
                <edoras-vis:property key="conditionexpression" value=""/>
                <edoras-vis:property key="name_en_us-run" value=""/>
                <edoras-vis:property key="customnamespace" value="http://b3mn.org/stencilset/default.flowable.process.palette.xml#"/>
                <edoras-vis:property key="bordercolor" value="#000000"/>
                <edoras-vis:property key="oldresourceid" value=""/>
                <edoras-vis:property key="bgcolor" value="#ffffff"/>
                <edoras-vis:property key="customstencilid" value="cloudsequenceflow"/>
                <edoras-vis:property key="xmltag" value="SequenceFlow"/>
                <edoras-vis:property key="name" value=""/>
            </extensionElements>
        </sequenceFlow>
        <sequenceFlow id="cloudsequenceflow8" isImmediate="false" sourceRef="cloudexclusivedatabasedgateway2" targetRef="end">
            <extensionElements>
                <signavio:signavioLabel ref="text_name"
                                        styles="{&quot;size&quot;:&quot;12&quot;,&quot;bold&quot;:false,&quot;fill&quot;:&quot;#000000&quot;,&quot;italic&quot;:false}"/>
                <edoras:property key="i18n.en.name" value=""/>
                <edoras-vis:property key="notes" value=""/>
                <edoras-vis:property key="conditiontype" value="Expression"/>
                <edoras-vis:property key="isimmediate" value="false"/>
                <edoras-vis:property key="fontsize" value=""/>
                <edoras-vis:property key="genericproperty" value=""/>
                <edoras-vis:property key="stencilsuperids" value="[&quot;SequenceFlow&quot;]"/>
                <edoras-vis:property key="name_en_us" value=""/>
                <edoras-vis:property key="fontweight" value=""/>
                <edoras-vis:property key="fontstyle" value=""/>
                <edoras-vis:property key="fontcolor" value=""/>
                <edoras-vis:property key="stencilsuperid" value="SequenceFlow"/>
                <edoras-vis:property key="id" value="cloudsequenceflow8"/>
                <edoras-vis:property key="showdiamondmarker" value="false"/>
                <edoras-vis:property key="name_i18n-key" value=""/>
                <edoras-vis:property key="stencilid" value="cloudsequenceflow"/>
                <edoras-vis:property key="customstencil" value="true"/>
                <edoras-vis:property key="documentation" value=""/>
                <edoras-vis:property key="name-run" value=""/>
                <edoras-vis:property key="conditionexpression" value="${findUser(userId).isExternalUser()}"/>
                <edoras-vis:property key="name_en_us-run" value=""/>
                <edoras-vis:property key="customnamespace" value="http://b3mn.org/stencilset/default.flowable.process.palette.xml#"/>
                <edoras-vis:property key="bordercolor" value="#000000"/>
                <edoras-vis:property key="oldresourceid" value=""/>
                <edoras-vis:property key="bgcolor" value="#ffffff"/>
                <edoras-vis:property key="customstencilid" value="cloudsequenceflow"/>
                <edoras-vis:property key="xmltag" value="SequenceFlow"/>
                <edoras-vis:property key="name" value=""/>
            </extensionElements>
            <conditionExpression id="cloudsequenceflow8_formalExpression1" xsi:type="tFormalExpression">
                ${findUser(userId).isExternalUser()}
            </conditionExpression>
        </sequenceFlow>
    </process>
    <bpmndi:BPMNDiagram id="bpmndiagram1">
        <bpmndi:BPMNPlane bpmnElement="FLW_SYSTEM_P001_User_email_notification" id="bpmnplane1">
            <bpmndi:BPMNShape bpmnElement="start" id="start_gui">
                <omgdc:Bounds height="30.0" width="30.0" x="117.0" y="261.0"/>
            </bpmndi:BPMNShape>
            <bpmndi:BPMNShape bpmnElement="cloudexclusivedatabasedgateway2" id="cloudexclusivedatabasedgateway2_gui" isMarkerVisible="true">
                <omgdc:Bounds height="40.0" width="40.0" x="198.0" y="256.0"/>
            </bpmndi:BPMNShape>
            <bpmndi:BPMNShape bpmnElement="end" id="end_gui">
                <omgdc:Bounds height="28.0" width="28.0" x="779.0" y="435.0"/>
            </bpmndi:BPMNShape>
            <bpmndi:BPMNShape bpmnElement="hasUnreadMessagesGateway" id="hasUnreadMessagesGateway_gui" isMarkerVisible="true">
                <omgdc:Bounds height="40.0" width="40.0" x="395.0" y="256.0"/>
            </bpmndi:BPMNShape>
            <bpmndi:BPMNShape bpmnElement="waitBeforeEmailNotification" id="waitBeforeEmailNotification_gui">
                <omgdc:Bounds height="30.0" width="30.0" x="320.0" y="261.0"/>
            </bpmndi:BPMNShape>
            <bpmndi:BPMNShape bpmnElement="emailTemplatePayloadPrepare" id="emailTemplatePayloadPrepare_gui">
                <omgdc:Bounds height="80.0" width="100.0" x="539.0" y="236.0"/>
            </bpmndi:BPMNShape>
            <bpmndi:BPMNShape bpmnElement="unreadMessagesEmail" id="unreadMessagesEmail_gui">
                <omgdc:Bounds height="80.0" width="100.0" x="743.0" y="236.0"/>
            </bpmndi:BPMNShape>
            <bpmndi:BPMNEdge bpmnElement="flow2" id="flow2_gui">
                <omgdi:waypoint x="350.0" y="276.0"/>
                <omgdi:waypoint x="395.0" y="276.0"/>
            </bpmndi:BPMNEdge>
            <bpmndi:BPMNEdge bpmnElement="flow3" id="flow3_gui">
                <omgdi:waypoint x="415.0" y="296.0"/>
                <omgdi:waypoint x="415.5" y="449.0"/>
                <omgdi:waypoint x="779.0" y="449.0"/>
            </bpmndi:BPMNEdge>
            <bpmndi:BPMNEdge bpmnElement="cloudsequenceflow1" id="cloudsequenceflow1_gui">
                <omgdi:waypoint x="147.0" y="276.0"/>
                <omgdi:waypoint x="198.0" y="276.0"/>
            </bpmndi:BPMNEdge>
            <bpmndi:BPMNEdge bpmnElement="cloudsequenceflow8" id="cloudsequenceflow8_gui">
                <omgdi:waypoint x="218.0" y="296.0"/>
                <omgdi:waypoint x="218.5" y="449.0"/>
                <omgdi:waypoint x="779.0" y="449.0"/>
            </bpmndi:BPMNEdge>
            <bpmndi:BPMNEdge bpmnElement="flow5" id="flow5_gui">
                <omgdi:waypoint x="639.0" y="276.0"/>
                <omgdi:waypoint x="743.0" y="276.0"/>
            </bpmndi:BPMNEdge>
            <bpmndi:BPMNEdge bpmnElement="cloudsequenceflow7" id="cloudsequenceflow7_gui">
                <omgdi:waypoint x="238.0" y="276.0"/>
                <omgdi:waypoint x="320.0" y="276.0"/>
            </bpmndi:BPMNEdge>
            <bpmndi:BPMNEdge bpmnElement="flow4" id="flow4_gui">
                <omgdi:waypoint x="435.0" y="276.0"/>
                <omgdi:waypoint x="539.0" y="276.0"/>
            </bpmndi:BPMNEdge>
            <bpmndi:BPMNEdge bpmnElement="flow6" id="flow6_gui">
                <omgdi:waypoint x="793.0" y="316.0"/>
                <omgdi:waypoint x="793.0" y="435.0"/>
            </bpmndi:BPMNEdge>
        </bpmndi:BPMNPlane>
    </bpmndi:BPMNDiagram>
</definitions>
