[
  {
    "key": "all",
    "labelKey": "contacts.filter.all",
    "defaultLabel": "All",
    "parameters": {}
  },
  {
    "key": "internal",
    "labelKey": "contacts.filter.internal",
    "defaultLabel": "Internal",
    "parameters": {
      "must": {
        "type": "default"
      }
    }
  },
  {
    "key": "external",
    "labelKey": "contacts.filter.external",
    "defaultLabel": "External",
    "parameters": {
      "must" : {
        "type": "external"
      }
    }
  },
  {
    "key": "active",
    "labelKey": "contacts.filter.active",
    "defaultLabel": "Active",
    "parameters": {
      "must" : {
        "state": "ACTIVE"
      }
    }
  },
  {
    "key": "inactive",
    "labelKey": "contacts.filter.inactive",
    "defaultLabel": "Inactive",
    "parameters": {
      "must" : {
        "state": "INACTIVE"
      }
    }
  },
  {
    "key": "clientsWithoutCa",
    "labelKey": "contacts.filter.inactive",
    "defaultLabel": "Clients without advisor",
    "parameters": {
      "must" : {
        "caActive": false
      }
    }
  },
  {
    "key": "clientAdvisorAll",
    "labelKey": "contacts.filter.clientAdvisorAll",
    "defaultLabel": "All",
    "bean": "clientAdvisorAllContactFilter"
  },
  {
    "key": "clientAdvisorInternal",
    "labelKey": "contacts.filter.clientAdvisorInternal",
    "defaultLabel": "Internal",
    "bean": "clientAdvisorInternalContactFilter"
  },
  {
    "key": "systemSupporterAll",
    "labelKey": "contacts.filter.systemSupporterAll",
    "defaultLabel": "All",
    "bean": "systemSupporterAllContactFilter"
  },
  {
    "key": "systemSupporterInternal",
    "labelKey": "contacts.filter.systemSupporterInternal",
    "defaultLabel": "Internal",
    "bean": "systemSupporterInternalContactFilter"
  }
]