[
  {
    "key": "user-default",
    "name": "Default, non-specific User",
    "description": "Creates a new, non-specific user where the member groups can be freely chosen.",
    "initialState": "ACTIVE",
    "initialSubState": "ACTIVE",
    "forms": {
      "init": "F01_userInitFormDefault",
      "view": "F02_userViewFormDefault",
      "edit": "F03_userEditFormDefault"
    },
    "memberGroups": [
      "flowableUser"
    ],
    "lookupGroups":[
      "flowableUser"
    ],
    "actionPermissions": {
      "create": [ "flowableAdministrator" ],
      "edit": [ "flowableAdministrator" ],
      "deactivate": [ "flowableAdministrator" ],
      "activate": [ "flowableAdministrator" ]
    },
    "initialVariables": {
    },
    "restVariables": {
      "edit": [
        "tNumber",
        "gpn",
        "entityId"
      ]
    },
    "conversationFilters": [ "all" ],
    "contactFilters": [ "ACTIVE" ],
    "allowedFeatures": [ "conversations", "websockets", "contacts", "createUser", "createConversation", "reportsMetrics", "reportsCompliance", "reportsMetricsUser", "reportsMetricsConversation", "editMessage", "deleteMessage", "sendMessageFromProfile", "slashActions", "emojiPicker"]
  },

  {
    "key": "user-temporary",
    "name": "A temporary user",
    "description": "Creates a new, temporary user.",
    "initialState": "INACTIVE",
    "initialSubState": "TEMPORARY",
    "initialUserType": "external",
    "forms": {
      "init": "F01_userInitFormDefault",
      "view": "F02_userViewFormDefault"
    },
    "memberGroups": [
      "flowableUser"
    ],
    "actionPermissions": {
      "create": [ "flowableAdministrator" ],
      "deactivate": [ "flowableAdministrator" ],
      "activate": [ "flowableAdministrator" ]
    },
    "conversationFilters": [ "all" ],
    "contactFilters": [ "ACTIVE" ],
    "allowedFeatures": [ "conversations", "websockets", "contacts", "emojiPicker"]
  },

  {
    "key": "user-admin",
    "name": "Administration User",
    "description": "Creates a new, administration user.",
    "initialUserSubType": "admin",
    "initialState": "ACTIVE",
    "initialSubState": "ACTIVE",
    "forms": {
      "init": "F01_userInitFormDefault",
      "view": "F02_userViewFormDefault",
      "edit": "F03_userEditFormDefault"
    },
    "memberGroups": [
      "flowableUser",
      "flowableAdministrator"
    ],
    "lookupGroups":[
      "flowableUser"
    ],
    "actionPermissions": {
      "create": [ "flowableAdministrator"],
      "edit": [ "flowableAdministrator" ],
      "deactivate": [ "flowableAdministrator" ],
      "activate": [ "flowableAdministrator" ]
    },
    "initialVariables": {
      "adminUser": true
    },
    "restVariables": {
      "edit": [
        "tNumber",
        "gpn",
        "entityId"
      ]
    },
    "conversationFilters": [ "all" ],
    "contactFilters": [ "all", "internal", "external", "inactive", "clientsWithoutCa" ],
    "allowedFeatures": [ "conversations", "websockets", "contacts", "createUser", "createConversation", "reportsMetrics",
      "reportsCompliance", "reportsMetricsUser", "reportsMetricsConversation", "editMessage", "deleteMessage", "sendMessageFromProfile",
      "slashActions", "emojiPicker",
      "actuators", "user-mgmt", "search-api", "workobject-api", "templateManagement" ]
  },

  {
    "key": "user-client-advisor",
    "name": "Client Advisor",
    "description": "Creates a new user setup as a client advisor.",
    "initialUserSubType": "clientAdvisor",
    "initialState": "ACTIVE",
    "initialSubState": "ACTIVE",
    "forms": {
      "init": "F01_userInitFormDefault",
      "view": "F004-viewCA"
    },
    "actionHandlers": {
      "deactivate": {
        "type": "process",
        "key": "P007-disableInternalUser"
      },
      "reactivate": {
        "type": "process",
        "key": "P008-ReactivateInternalUser"
      }
    },
    "memberGroups": [
      "flowableUser",
      "clientAdvisor",
      "employee"
    ],
    "lookupGroups": [
      "clientAdvisor",
      "engageChatbot"
    ],
    "dynamicLookupVariable": "clientAdvisorId",
    "actionPermissions": {
      "create": [ "flowableAdministrator" ],
      "deactivate": [ "flowableAdministrator"],
      "activate": [ "flowableAdministrator"]
    },
    "initialVariables": {
      "description": "Client Advisor"
    },
    "conversationFilters": [ "all", "internal", "external", "timeout", "deactivated-client" ],
    "contactFilters": [ "clientAdvisorAll", "clientAdvisorInternal", "external"],
    "allowedFeatures": [ "conversations", "websockets", "contacts", "createConversation", "bubbles", "sendMessageFromProfile", "emojiPicker" ]
  },

  {
    "key": "user-operator",
    "name": "Operation Admin",
    "description": "Creates a new user setup as a operation admin.",
    "initialUserSubType": "userOperator",
    "initialState": "ACTIVE",
    "initialSubState": "ACTIVE",
    "forms": {
      "init": "F01_userInitFormDefault",
      "view": "F02_userViewFormDefault"
    },
    "memberGroups": [
      "flowableUser",
      "userOperator",
      "employee"
    ],
    "lookupGroups": [
      "employee",
      "client"
    ],
    "actionPermissions": {
      "create": [ "flowableAdministrator" ],
      "deactivate": [ "flowableAdministrator" ],
      "activate": [ "flowableAdministrator" ]
    },
    "initialVariables": {
      "description": "Operation Admin"
    },
    "contactFilters": [ "all", "internal", "external", "inactive", "clientsWithoutCa" ],
    "allowedFeatures": [ "contacts", "createUser", "emojiPicker"]
  },

  {
    "key": "user-compliance",
    "name": "Compliance Officer",
    "description": "Creates a new user setup as a compliance officer.",
    "initialUserSubType": "complianceOfficer",
    "initialState": "ACTIVE",
    "initialSubState": "ACTIVE",
    "forms": {
      "init": "F01_userInitFormDefault",
      "view": "F02_userViewFormDefault"
    },
    "memberGroups": [
      "flowableUser",
      "complianceOfficer",
      "employee"
    ],
    "actionPermissions": {
      "create": [ "flowableAdministrator" ],
      "deactivate": [ "flowableAdministrator" ],
      "activate": [ "flowableAdministrator" ]
    },
    "initialVariables": {
      "description": "Compliance Officer"
    },
    "allowedFeatures": [ "reportsCompliance" ]
  },

  {
    "key": "user-reporting",
    "name": "Reporting User",
    "description": "Creates a new user setup as a reporting user.",
    "initialUserSubType": "reportingUser",
    "initialState": "ACTIVE",
    "initialSubState": "ACTIVE",
    "forms": {
      "init": "F01_userInitFormDefault",
      "view": "F02_userViewFormDefault"
    },
    "memberGroups": [
      "flowableUser",
      "reporting",
      "employee"
    ],
    "actionPermissions": {
      "create": [ "flowableAdministrator" ],
      "deactivate": [ "flowableAdministrator" ],
      "activate": [ "flowableAdministrator" ]
    },
    "initialVariables": {
      "description": "Reporting User"
    },
    "allowedFeatures": [ "reportsMetrics", "reportsMetricsUser", "reportsMetricsConversation", "reportsCompliance" ]
  },

  {
    "key": "user-client",
    "name": "Client",
    "description": "Creates a new user setup as an external client.",
    "initialUserSubType": "externalClient",
    "initialState": "INACTIVE",
    "initialSubState": "INITIALIZING",
    "initialUserType": "external",
    "forms": {
      "init": "F004_createExternalUser",
      "view": "F009_viewExternalUser",
      "edit": "F010_editExternalUser"
    },
    "actionHandlers": {
      "clientAdvisorChange": {
        "type": "process",
        "key": "P001-dataChange"
      },
      "create": {
        "type": "case",
        "key": "C001_clientLifecycle"
      },
      "update": {
        "type": "process",
        "key": "P011-updateClient"
      },
      "deactivate": {
        "type": "process",
        "key": "P003-disableExternalUser"
      },
      "reactivate": {
        "type": "process",
        "key": "P005-reactivateExternalUser"
      },
      "remove-account": {
        "type": "process",
        "key": "P006-removeAccount"
      },
      "activate-account": {
        "type": "process",
        "key": "P010-activateAccount"
      }
    },
    "memberGroups": [
      "flowableUser",
      "client"
    ],
    "actionPermissions": {
      "create": [ "flowableAdministrator", "userOperator" ],
      "edit": [ "flowableAdministrator", "userOperator" ],
      "deactivate": [ "flowableAdministrator", "userOperator" ],
      "activate": [ "flowableAdministrator" ]
    },
    "initialVariables": {
      "externalSystem": "WeChat",
      "description": "Client"
    },
    "restVariables": {
      "all": [
        "phoneNumbers",
        "brNumber",
        "clientAdvisorId",
        "entityId",
        "externalPartnerId"
      ]
    },
    "conversationFilters": [ "all" ],
    "contactFilters": [ "all" ],
    "allowedFeatures": [ "conversations", "websockets", "contacts", "sendMessageFromProfile", "bubbles", "emojiPicker"]
  },
  {
    "key": "ubs-system-admin",
    "name": "System Administrator",
    "description": "Creates a new user setup as a system administrator user.",
    "initialUserSubType": "systemAdministratorUser",
    "initialState": "ACTIVE",
    "initialSubState": "ACTIVE",
    "forms": {
      "init": "F01_userInitFormDefault",
      "view": "F02_userViewFormDefault"
    },
    "memberGroups": [
      "flowableUser",
      "reporting",
      "complianceOfficer",
      "employee"
    ],
    "actionPermissions": {
      "create": [ "flowableAdministrator" ],
      "deactivate": [ "flowableAdministrator" ],
      "activate": [ "flowableAdministrator" ]
    },
    "initialVariables": {
      "description": "System Administrator User"
    },
    "allowedFeatures": [ "reportsMetrics", "reportsMetricsUser", "reportsMetricsConversation", "reportsCompliance" ]
  },
  {
    "key": "ubs-business-admin",
    "name": "Business Administrator",
    "description": "Creates a new user setup as a business administrator user.",
    "initialUserSubType": "businessAdministratorUser",
    "initialState": "ACTIVE",
    "initialSubState": "ACTIVE",
    "forms": {
      "init": "F01_userInitFormDefault",
      "view": "F02_userViewFormDefault",
      "edit": "F03_userEditFormDefault"
    },
    "memberGroups": [
      "flowableUser",
      "reporting",
      "complianceOfficer",
      "employee"
    ],
    "actionPermissions": {
      "create": [ "flowableAdministrator" ],
      "edit": [ "flowableAdministrator" ],
      "deactivate": [ "flowableAdministrator" ],
      "activate": [ "flowableAdministrator" ]
    },
    "initialVariables": {
      "description": "Business Administrator User"
    },
    "allowedFeatures": [ "reportsMetrics", "reportsMetricsUser", "reportsMetricsConversation", "reportsCompliance", "templateManagement" ]
  },
  {
    "key": "ubs-system-supporter",
    "name": "System Supporter",
    "description": "Creates a new user setup as a system supporter.",
    "initialUserSubType": "supportUser",
    "initialState": "ACTIVE",
    "initialSubState": "ACTIVE",
    "forms": {
      "init": "F01_userInitFormDefault",
      "view": "F02_userViewFormDefault"
    },
    "actionHandlers": {
      "deactivate": {
        "type": "process",
        "key": "P007-disableInternalUser"
      },
      "reactivate": {
        "type": "process",
        "key": "P008-ReactivateInternalUser"
      }
    },
    "memberGroups": [
      "flowableUser",
      "systemSupporter",
      "employee"
    ],
    "lookupGroups": [
      "systemSupporter",
      "engageChatbot"
    ],
    "dynamicLookupVariable": "clientAdvisorId",
    "actionPermissions": {
      "create": [ "flowableAdministrator" ],
      "deactivate": [ "flowableAdministrator" ],
      "activate": [ "flowableAdministrator" ]
    },
    "initialVariables": {
      "description": "System Supporter"
    },
    "conversationFilters": [ "all", "internal", "external", "timeout", "deactivated-client"],
    "contactFilters": [ "systemSupporterAll", "systemSupporterInternal", "external"],
    "allowedFeatures": [ "conversations", "websockets", "contacts", "createConversation", "sendMessageFromProfile", "bubbles", "emojiPicker", "reportsMetrics", "reportsMetricsUser", "reportsMetricsConversation", "reportsCompliance"]
  }
]