<?xml version="1.0" encoding="UTF-8"?>
<definitions xmlns="http://www.omg.org/spec/BPMN/20100524/MODEL" xmlns:bpmndi="http://www.omg.org/spec/BPMN/20100524/DI"
             xmlns:edoras="http://www.edorasware.com/schema/bpmn" xmlns:edoras-vis="http://www.edorasware.com/schema/vis"
             xmlns:flowable="http://flowable.org/bpmn" xmlns:omgdc="http://www.omg.org/spec/DD/20100524/DC" xmlns:omgdi="http://www.omg.org/spec/DD/20100524/DI"
             xmlns:signavio="http://www.signavio.com" xmlns:xsi="http://www.w3.org/2001/XMLSchema-instance" exporter="6.3.0-SNAPSHOT"
             exporterVersion="6.3.0-SNAPSHOT" targetNamespace="http://www.edorasware.com"
             xsi:schemaLocation="http://www.omg.org/spec/BPMN/20100524/MODEL http://www.omg.org/spec/BPMN/2.0/20100501/BPMN20.xsd http://www.omg.org/spec/BPMN/20100524/DI http://www.omg.org/spec/BPMN/2.0/20100501/BPMNDI.xsd http://www.omg.org/spec/DD/20100524/DC http://www.omg.org/spec/BPMN/2.0/20100501/DC.xsd http://www.omg.org/spec/DD/20100524/DI http://www.omg.org/spec/BPMN/2.0/20100501/DI.xsd http://www.edorasware.com/schema/bpmn http://www.edorasware.com/schema/bpmn/edoras-bpmn-extensions-3.0.2.xsd http://www.edorasware.com/schema/vis http://www.edorasware.com/schema/vis/edoras-vis-extensions-2.0.0.xsd">
    <process id="TM_P01_templateChangeApprovalProcess" isExecutable="true" name="TM-P01 Template Change Approval Process">
        <extensionElements>
            <edoras:property key="guid" value="PROCESS_MODEL-7de1260c-f18d-4e73-af95-11363710472c"/>
            <edoras:property key="actions" value=""/>
            <edoras-vis:property key="process_id" value="TM_P01_templateChangeApprovalProcess"/>
            <edoras-vis:property key="creationdate" value=""/>
            <edoras-vis:property key="notes" value=""/>
            <edoras-vis:property key="labelexpression" value=""/>
            <edoras-vis:property key="isexecutable" value="false"/>
            <edoras-vis:property key="fontsize" value=""/>
            <edoras-vis:property key="language" value="English"/>
            <edoras-vis:property key="genericproperty" value=""/>
            <edoras-vis:property key="stencilsuperids" value="[&quot;BPMNDiagram&quot;]"/>
            <edoras-vis:property key="name_en_us" value=""/>
            <edoras-vis:property key="fontweight" value=""/>
            <edoras-vis:property key="fontstyle" value=""/>
            <edoras-vis:property key="documentation_i18n-key" value=""/>
            <edoras-vis:property key="fontcolor" value=""/>
            <edoras-vis:property key="stencilsuperid" value="BPMNDiagram"/>
            <edoras-vis:property key="id" value="TM_P01_templateChangeApprovalProcess"/>
            <edoras-vis:property key="name_i18n-key" value=""/>
            <edoras-vis:property key="stencilid" value="BPMNDiagram"/>
            <edoras-vis:property key="customstencil" value="false"/>
            <edoras-vis:property key="author" value=""/>
            <edoras-vis:property key="documentation" value="The process to be triggered upon a template change which needs approval."/>
            <edoras-vis:property key="modificationdate" value=""/>
            <edoras-vis:property key="version" value=""/>
            <edoras-vis:property key="bordercolor" value=""/>
            <edoras-vis:property key="oldresourceid" value=""/>
            <edoras-vis:property key="bgcolor" value=""/>
            <edoras-vis:property key="xmltag" value="BPMNDiagram"/>
            <edoras-vis:property key="isprocessexecutable" value="true"/>
            <edoras-vis:property key="name" value="TM-P01 Template Change Approval Process"/>
            <edoras-vis:property key="guid" value="PROCESS_MODEL-7de1260c-f18d-4e73-af95-11363710472c"/>
            <edoras-vis:property key="documentation_en_us" value=""/>
            <edoras-vis:property key="actions" value=""/>
            <edoras-vis:property key="namespaces" value=""/>
        </extensionElements>
        <laneSet id="laneSet1">
            <lane id="cloudlane1" name="Admin">
                <extensionElements>
                    <signavio:signavioLabel ref="text_name"
                                            styles="{&quot;size&quot;:&quot;12&quot;,&quot;bold&quot;:false,&quot;fill&quot;:&quot;#000000&quot;,&quot;italic&quot;:false}"/>
                    <edoras:property key="i18n.en.name" value="Admin"/>
                    <edoras:property key="orientation" value="horizontal"/>
                    <edoras-vis:property key="notes" value=""/>
                    <edoras-vis:property key="fontsize" value=""/>
                    <edoras-vis:property key="owner-run" value=""/>
                    <edoras-vis:property key="genericproperty" value=""/>
                    <edoras-vis:property key="candidategroups" value=""/>
                    <edoras-vis:property key="stencilsuperids" value="[&quot;Lane&quot;]"/>
                    <edoras-vis:property key="showcaption" value="true"/>
                    <edoras-vis:property key="name_en_us" value="Admin"/>
                    <edoras-vis:property key="candidateusers-run" value=""/>
                    <edoras-vis:property key="fontweight" value=""/>
                    <edoras-vis:property key="fontstyle" value=""/>
                    <edoras-vis:property key="candidategroups-run" value=""/>
                    <edoras-vis:property key="fontcolor" value=""/>
                    <edoras-vis:property key="stencilsuperid" value="Lane"/>
                    <edoras-vis:property key="id" value="cloudlane1"/>
                    <edoras-vis:property key="name_i18n-key" value=""/>
                    <edoras-vis:property key="owner" value=""/>
                    <edoras-vis:property key="stencilid" value="cloudlane"/>
                    <edoras-vis:property key="orientation" value="horizontal"/>
                    <edoras-vis:property key="parentlane" value=""/>
                    <edoras-vis:property key="customstencil" value="true"/>
                    <edoras-vis:property key="documentation" value=""/>
                    <edoras-vis:property key="name-run" value=""/>
                    <edoras-vis:property key="name_en_us-run" value=""/>
                    <edoras-vis:property key="assignee-run" value=""/>
                    <edoras-vis:property key="customnamespace" value="http://b3mn.org/stencilset/default.flowable.process.palette.xml#"/>
                    <edoras-vis:property key="bordercolor" value="#C0C0C0"/>
                    <edoras-vis:property key="candidateusers" value=""/>
                    <edoras-vis:property key="parentpool" value=""/>
                    <edoras-vis:property key="oldresourceid" value=""/>
                    <edoras-vis:property key="bgcolor" value="#ffffff"/>
                    <edoras-vis:property key="customstencilid" value="cloudlane"/>
                    <edoras-vis:property key="xmltag" value="Lane"/>
                    <edoras-vis:property key="name" value="Admin"/>
                    <edoras-vis:property key="assignee" value=""/>
                </extensionElements>
                <flowNodeRef>cloudstartnoneevent2</flowNodeRef>
                <flowNodeRef>cloudformtask1</flowNodeRef>
                <flowNodeRef>cloudexclusivedatabasedgateway1</flowNodeRef>
                <flowNodeRef>cloudservicetask1</flowNodeRef>
                <flowNodeRef>cloudendnoneevent1</flowNodeRef>
                <flowNodeRef>cloudendnoneevent2</flowNodeRef>
            </lane>
        </laneSet>
        <startEvent flowable:assignee="$INITIATOR" id="cloudstartnoneevent2">
            <extensionElements>
                <signavio:signavioLabel ref="text_name"
                                        styles="{&quot;size&quot;:&quot;12&quot;,&quot;bold&quot;:false,&quot;fill&quot;:&quot;#000000&quot;,&quot;italic&quot;:false}"/>
                <edoras:property key="formproperties" value=""/>
                <edoras:property key="i18n.en.name" value=""/>
                <edoras:property key="formkey" value=""/>
                <edoras:property key="initiator" value="$INITIATOR"/>
                <edoras-vis:property key="formproperties" value=""/>
                <edoras-vis:property key="notes" value=""/>
                <edoras-vis:property key="formkey" value=""/>
                <edoras-vis:property key="initiator" value="$INITIATOR"/>
                <edoras-vis:property key="fontsize" value=""/>
                <edoras-vis:property key="genericproperty" value=""/>
                <edoras-vis:property key="stencilsuperids" value="[&quot;StartNoneEvent&quot;]"/>
                <edoras-vis:property key="name_en_us" value=""/>
                <edoras-vis:property key="fontweight" value=""/>
                <edoras-vis:property key="fontstyle" value=""/>
                <edoras-vis:property key="fontcolor" value=""/>
                <edoras-vis:property key="stencilsuperid" value="StartNoneEvent"/>
                <edoras-vis:property key="id" value="cloudstartnoneevent2"/>
                <edoras-vis:property key="name_i18n-key" value=""/>
                <edoras-vis:property key="stencilid" value="cloudstartnoneevent"/>
                <edoras-vis:property key="customstencil" value="true"/>
                <edoras-vis:property key="documentation" value=""/>
                <edoras-vis:property key="executionlistener" value=""/>
                <edoras-vis:property key="name-run" value=""/>
                <edoras-vis:property key="trigger" value="None"/>
                <edoras-vis:property key="name_en_us-run" value=""/>
                <edoras-vis:property key="customnamespace" value="http://b3mn.org/stencilset/default.flowable.process.palette.xml#"/>
                <edoras-vis:property key="bordercolor" value="#000000"/>
                <edoras-vis:property key="oldresourceid" value=""/>
                <edoras-vis:property key="bgcolor" value="#ffffff"/>
                <edoras-vis:property key="customstencilid" value="cloudstartnoneevent"/>
                <edoras-vis:property key="formreference" value=""/>
                <edoras-vis:property key="xmltag" value="StartNoneEvent"/>
                <edoras-vis:property key="name" value=""/>
            </extensionElements>
        </startEvent>
        <userTask flowable:async="false" id="cloudformtask1" name="Review Change">
            <extensionElements>
                <edoras:property key="guid" value="GEAR-9d369cf4-d7bb-4d8a-b6e2-0e7b3a63af61"/>
                <signavio:signavioLabel ref="text_name"
                                        styles="{&quot;size&quot;:&quot;12&quot;,&quot;bold&quot;:false,&quot;fill&quot;:&quot;#000000&quot;,&quot;italic&quot;:false}"/>
                <edoras:property key="formproperties" value=""/>
                <edoras:property key="mailrecipient" value=""/>
                <edoras:property key="mailheaders" value=""/>
                <edoras:property key="mailpriority" value=""/>
                <edoras:property key="mailbcc" value=""/>
                <edoras:property key="mailreplyto" value=""/>
                <edoras:property key="mailmodel" value=""/>
                <edoras:property key="attachmentidexpressions" value=""/>
                <edoras:property key="i18n.en.name" value="Review Change"/>
                <edoras:property key="actions" value=""/>
                <edoras:property key="mailcc" value=""/>
                <edoras-vis:property key="formproperties" value=""/>
                <edoras-vis:property key="mailrecipient" value=""/>
                <edoras-vis:property key="notes" value=""/>
                <edoras-vis:property key="fontsize" value=""/>
                <edoras-vis:property key="loopelementindexvariable" value="loopCounter"/>
                <edoras-vis:property key="owner-run" value=""/>
                <edoras-vis:property key="mailpriority" value=""/>
                <edoras-vis:property key="candidategroups" value=""/>
                <edoras-vis:property key="fontstyle" value=""/>
                <edoras-vis:property key="fontcolor" value=""/>
                <edoras-vis:property key="exclusive" value="true"/>
                <edoras-vis:property key="id" value="cloudformtask1"/>
                <edoras-vis:property key="skipexpression" value=""/>
                <edoras-vis:property key="name_i18n-key" value=""/>
                <edoras-vis:property key="stencilid" value="cloudformtask"/>
                <edoras-vis:property key="tasktype" value="FormTask"/>
                <edoras-vis:property key="customstencil" value="true"/>
                <edoras-vis:property key="documentation" value=""/>
                <edoras-vis:property key="priority" value=""/>
                <edoras-vis:property key="form_entry" value=""/>
                <edoras-vis:property key="mailbcc" value=""/>
                <edoras-vis:property key="assignee-run" value=""/>
                <edoras-vis:property key="name_en_us-run" value=""/>
                <edoras-vis:property key="customnamespace" value="http://b3mn.org/stencilset/default.flowable.process.palette.xml#"/>
                <edoras-vis:property key="mailmodel" value=""/>
                <edoras-vis:property key="bgcolor" value="#ffffff"/>
                <edoras-vis:property key="loopelementvariable" value=""/>
                <edoras-vis:property key="name" value="Review Change"/>
                <edoras-vis:property key="guid" value="GEAR-9d369cf4-d7bb-4d8a-b6e2-0e7b3a63af61"/>
                <edoras-vis:property key="formtaskentry" value=""/>
                <edoras-vis:property key="assignee" value=""/>
                <edoras-vis:property key="actions" value=""/>
                <edoras-vis:property key="callacitivity" value="false"/>
                <edoras-vis:property key="tasklistener" value=""/>
                <edoras-vis:property key="looptype" value="None"/>
                <edoras-vis:property key="mailheaders" value=""/>
                <edoras-vis:property key="completioncondition" value=""/>
                <edoras-vis:property key="genericproperty" value=""/>
                <edoras-vis:property key="loopcardinality" value=""/>
                <edoras-vis:property key="mailreplyto" value=""/>
                <edoras-vis:property key="stencilsuperids" value="[&quot;Task&quot;,&quot;FormTask&quot;]"/>
                <edoras-vis:property key="name_en_us" value="Review Change"/>
                <edoras-vis:property key="candidateusers-run" value=""/>
                <edoras-vis:property key="fontweight" value=""/>
                <edoras-vis:property key="candidategroups-run" value=""/>
                <edoras-vis:property key="stencilsuperid" value="FormTask"/>
                <edoras-vis:property key="categories" value=""/>
                <edoras-vis:property key="mailcc" value=""/>
                <edoras-vis:property key="owner" value=""/>
                <edoras-vis:property key="mailmodel-run" value=""/>
                <edoras-vis:property key="loopcollection" value=""/>
                <edoras-vis:property key="name-run" value=""/>
                <edoras-vis:property key="bordercolor" value="#000000"/>
                <edoras-vis:property key="async" value="false"/>
                <edoras-vis:property key="candidateusers" value=""/>
                <edoras-vis:property key="attachmentidexpressions" value=""/>
                <edoras-vis:property key="oldresourceid" value=""/>
                <edoras-vis:property key="customstencilid" value="cloudformtask"/>
                <edoras-vis:property key="xmltag" value="FormTask"/>
                <edoras-vis:property key="duedate" value=""/>
                <edoras-vis:property key="isforcompensation" value="false"/>
                <edoras-vis:property key="properties" value=""/>
            </extensionElements>
        </userTask>
        <exclusiveGateway gatewayDirection="Diverging" id="cloudexclusivedatabasedgateway1" name="Change approved?">
            <extensionElements>
                <signavio:signavioLabel ref="text_name" x="30.458984375" y="-21"/>
                <signavio:signavioLabel ref="text_name"
                                        styles="{&quot;size&quot;:&quot;12&quot;,&quot;bold&quot;:false,&quot;fill&quot;:&quot;#000000&quot;,&quot;italic&quot;:false}"/>
                <edoras:property key="i18n.en.name" value="Change approved?"/>
                <edoras-vis:property key="notes" value=""/>
                <edoras-vis:property key="markervisible" value="true"/>
                <edoras-vis:property key="sequencefloworder" value=""/>
                <edoras-vis:property key="xortype" value=""/>
                <edoras-vis:property key="fontsize" value=""/>
                <edoras-vis:property key="genericproperty" value=""/>
                <edoras-vis:property key="stencilsuperids" value="[&quot;Exclusive_Databased_Gateway&quot;]"/>
                <edoras-vis:property key="name_en_us" value="Change approved?"/>
                <edoras-vis:property key="fontweight" value=""/>
                <edoras-vis:property key="fontstyle" value=""/>
                <edoras-vis:property key="fontcolor" value=""/>
                <edoras-vis:property key="exclusive" value="true"/>
                <edoras-vis:property key="stencilsuperid" value="Exclusive_Databased_Gateway"/>
                <edoras-vis:property key="categories" value=""/>
                <edoras-vis:property key="id" value="cloudexclusivedatabasedgateway1"/>
                <edoras-vis:property key="name_i18n-key" value=""/>
                <edoras-vis:property key="stencilid" value="cloudexclusivedatabasedgateway"/>
                <edoras-vis:property key="gatewaytype" value=""/>
                <edoras-vis:property key="gate_assignments" value=""/>
                <edoras-vis:property key="customstencil" value="true"/>
                <edoras-vis:property key="documentation" value=""/>
                <edoras-vis:property key="name-run" value=""/>
                <edoras-vis:property key="name_en_us-run" value=""/>
                <edoras-vis:property key="customnamespace" value="http://b3mn.org/stencilset/default.flowable.process.palette.xml#"/>
                <edoras-vis:property key="bordercolor" value="#000000"/>
                <edoras-vis:property key="defaultgate" value=""/>
                <edoras-vis:property key="oldresourceid" value=""/>
                <edoras-vis:property key="bgcolor" value="#ffffff"/>
                <edoras-vis:property key="customstencilid" value="cloudexclusivedatabasedgateway"/>
                <edoras-vis:property key="xmltag" value="Exclusive_Databased_Gateway"/>
                <edoras-vis:property key="name" value="Change approved?"/>
                <edoras-vis:property key="gate_outgoingsequenceflow" value=""/>
            </extensionElements>
        </exclusiveGateway>
        <serviceTask flowable:async="false"
                     flowable:expression="#{templateChangeService.deployTemplateVariationContentChange(templateDefinitionId, null, newVariationContent, null)}"
                     id="cloudservicetask1" name="Deploy Change">
            <extensionElements>
                <flowable:field expression="false" name="disablesecurity"/>
                <signavio:signavioLabel ref="text_name"
                                        styles="{&quot;size&quot;:&quot;12&quot;,&quot;bold&quot;:false,&quot;fill&quot;:&quot;#000000&quot;,&quot;italic&quot;:false}"/>
                <edoras:property key="i18n.en.name" value="Deploy Change"/>
                <edoras-vis:property key="callacitivity" value="false"/>
                <edoras-vis:property key="notes" value=""/>
                <edoras-vis:property key="looptype" value="None"/>
                <edoras-vis:property key="classfields" value=""/>
                <edoras-vis:property key="completioncondition" value=""/>
                <edoras-vis:property key="fontsize" value=""/>
                <edoras-vis:property key="loopelementindexvariable" value="loopCounter"/>
                <edoras-vis:property key="genericproperty" value=""/>
                <edoras-vis:property key="loopcardinality" value=""/>
                <edoras-vis:property key="stencilsuperids" value="[&quot;Task&quot;,&quot;ServiceTask&quot;]"/>
                <edoras-vis:property key="name_en_us" value="Deploy Change"/>
                <edoras-vis:property key="resultvariable" value=""/>
                <edoras-vis:property key="fontweight" value=""/>
                <edoras-vis:property key="fontstyle" value=""/>
                <edoras-vis:property key="fontcolor" value=""/>
                <edoras-vis:property key="exclusive" value="true"/>
                <edoras-vis:property key="stencilsuperid" value="ServiceTask"/>
                <edoras-vis:property key="categories" value=""/>
                <edoras-vis:property key="disablesecurity" value="false"/>
                <edoras-vis:property key="id" value="cloudservicetask1"/>
                <edoras-vis:property key="skipexpression" value=""/>
                <edoras-vis:property key="class" value=""/>
                <edoras-vis:property key="name_i18n-key" value=""/>
                <edoras-vis:property key="stencilid" value="cloudservicetask"/>
                <edoras-vis:property key="expression"
                                     value="#{templateChangeService.deployTemplateVariationContentChange(templateDefinitionId, null, newVariationContent, null)}"/>
                <edoras-vis:property key="tasktype" value="Service"/>
                <edoras-vis:property key="customstencil" value="true"/>
                <edoras-vis:property key="documentation" value=""/>
                <edoras-vis:property key="loopcollection" value=""/>
                <edoras-vis:property key="name-run" value=""/>
                <edoras-vis:property key="name_en_us-run" value=""/>
                <edoras-vis:property key="customnamespace" value="http://b3mn.org/stencilset/default.flowable.process.palette.xml#"/>
                <edoras-vis:property key="bordercolor" value="#000000"/>
                <edoras-vis:property key="delegateexpression" value=""/>
                <edoras-vis:property key="async" value="false"/>
                <edoras-vis:property key="oldresourceid" value=""/>
                <edoras-vis:property key="bgcolor" value="#ffffff"/>
                <edoras-vis:property key="customstencilid" value="cloudservicetask"/>
                <edoras-vis:property key="xmltag" value="ServiceTask"/>
                <edoras-vis:property key="loopelementvariable" value=""/>
                <edoras-vis:property key="name" value="Deploy Change"/>
                <edoras-vis:property key="guid" value="GEAR-6ef00f85-f5f4-4c28-a7bc-1ebab1e94495"/>
                <edoras-vis:property key="isforcompensation" value="false"/>
                <edoras-vis:property key="properties" value=""/>
            </extensionElements>
        </serviceTask>
        <endEvent id="cloudendnoneevent1">
            <extensionElements>
                <signavio:signavioLabel ref="text_name"
                                        styles="{&quot;size&quot;:&quot;12&quot;,&quot;bold&quot;:false,&quot;fill&quot;:&quot;#000000&quot;,&quot;italic&quot;:false}"/>
                <edoras:property key="i18n.en.name" value=""/>
                <edoras-vis:property key="notes" value=""/>
                <edoras-vis:property key="fontsize" value=""/>
                <edoras-vis:property key="genericproperty" value=""/>
                <edoras-vis:property key="stencilsuperids" value="[&quot;EndNoneEvent&quot;]"/>
                <edoras-vis:property key="name_en_us" value=""/>
                <edoras-vis:property key="fontweight" value=""/>
                <edoras-vis:property key="fontstyle" value=""/>
                <edoras-vis:property key="fontcolor" value=""/>
                <edoras-vis:property key="stencilsuperid" value="EndNoneEvent"/>
                <edoras-vis:property key="id" value="cloudendnoneevent1"/>
                <edoras-vis:property key="name_i18n-key" value=""/>
                <edoras-vis:property key="stencilid" value="cloudendnoneevent"/>
                <edoras-vis:property key="customstencil" value="true"/>
                <edoras-vis:property key="documentation" value=""/>
                <edoras-vis:property key="executionlistener" value=""/>
                <edoras-vis:property key="name-run" value=""/>
                <edoras-vis:property key="trigger" value="None"/>
                <edoras-vis:property key="name_en_us-run" value=""/>
                <edoras-vis:property key="customnamespace" value="http://b3mn.org/stencilset/default.flowable.process.palette.xml#"/>
                <edoras-vis:property key="bordercolor" value="#000000"/>
                <edoras-vis:property key="oldresourceid" value=""/>
                <edoras-vis:property key="bgcolor" value="#ffffff"/>
                <edoras-vis:property key="customstencilid" value="cloudendnoneevent"/>
                <edoras-vis:property key="xmltag" value="EndNoneEvent"/>
                <edoras-vis:property key="name" value=""/>
            </extensionElements>
        </endEvent>
        <endEvent id="cloudendnoneevent2">
            <extensionElements>
                <signavio:signavioLabel ref="text_name"
                                        styles="{&quot;size&quot;:&quot;12&quot;,&quot;bold&quot;:false,&quot;fill&quot;:&quot;#000000&quot;,&quot;italic&quot;:false}"/>
                <edoras:property key="i18n.en.name" value=""/>
                <edoras-vis:property key="notes" value=""/>
                <edoras-vis:property key="fontsize" value=""/>
                <edoras-vis:property key="genericproperty" value=""/>
                <edoras-vis:property key="stencilsuperids" value="[&quot;EndNoneEvent&quot;]"/>
                <edoras-vis:property key="name_en_us" value=""/>
                <edoras-vis:property key="fontweight" value=""/>
                <edoras-vis:property key="fontstyle" value=""/>
                <edoras-vis:property key="fontcolor" value=""/>
                <edoras-vis:property key="stencilsuperid" value="EndNoneEvent"/>
                <edoras-vis:property key="id" value="cloudendnoneevent2"/>
                <edoras-vis:property key="name_i18n-key" value=""/>
                <edoras-vis:property key="stencilid" value="cloudendnoneevent"/>
                <edoras-vis:property key="customstencil" value="true"/>
                <edoras-vis:property key="documentation" value=""/>
                <edoras-vis:property key="executionlistener" value=""/>
                <edoras-vis:property key="name-run" value=""/>
                <edoras-vis:property key="trigger" value="None"/>
                <edoras-vis:property key="name_en_us-run" value=""/>
                <edoras-vis:property key="customnamespace" value="http://b3mn.org/stencilset/default.flowable.process.palette.xml#"/>
                <edoras-vis:property key="bordercolor" value="#000000"/>
                <edoras-vis:property key="oldresourceid" value=""/>
                <edoras-vis:property key="bgcolor" value="#ffffff"/>
                <edoras-vis:property key="customstencilid" value="cloudendnoneevent"/>
                <edoras-vis:property key="xmltag" value="EndNoneEvent"/>
                <edoras-vis:property key="name" value=""/>
            </extensionElements>
        </endEvent>
        <sequenceFlow id="cloudsequenceflow1" isImmediate="false" sourceRef="cloudstartnoneevent2" targetRef="cloudformtask1">
            <extensionElements>
                <signavio:signavioLabel ref="text_name"
                                        styles="{&quot;size&quot;:&quot;12&quot;,&quot;bold&quot;:false,&quot;fill&quot;:&quot;#000000&quot;,&quot;italic&quot;:false}"/>
                <edoras:property key="i18n.en.name" value=""/>
                <edoras-vis:property key="notes" value=""/>
                <edoras-vis:property key="conditiontype" value="None"/>
                <edoras-vis:property key="isimmediate" value="false"/>
                <edoras-vis:property key="fontsize" value=""/>
                <edoras-vis:property key="genericproperty" value=""/>
                <edoras-vis:property key="stencilsuperids" value="[&quot;SequenceFlow&quot;]"/>
                <edoras-vis:property key="name_en_us" value=""/>
                <edoras-vis:property key="fontweight" value=""/>
                <edoras-vis:property key="fontstyle" value=""/>
                <edoras-vis:property key="fontcolor" value=""/>
                <edoras-vis:property key="stencilsuperid" value="SequenceFlow"/>
                <edoras-vis:property key="id" value="cloudsequenceflow1"/>
                <edoras-vis:property key="showdiamondmarker" value="false"/>
                <edoras-vis:property key="name_i18n-key" value=""/>
                <edoras-vis:property key="stencilid" value="cloudsequenceflow"/>
                <edoras-vis:property key="customstencil" value="true"/>
                <edoras-vis:property key="documentation" value=""/>
                <edoras-vis:property key="name-run" value=""/>
                <edoras-vis:property key="conditionexpression" value=""/>
                <edoras-vis:property key="name_en_us-run" value=""/>
                <edoras-vis:property key="customnamespace" value="http://b3mn.org/stencilset/default.flowable.process.palette.xml#"/>
                <edoras-vis:property key="bordercolor" value="#000000"/>
                <edoras-vis:property key="oldresourceid" value=""/>
                <edoras-vis:property key="bgcolor" value="#ffffff"/>
                <edoras-vis:property key="customstencilid" value="cloudsequenceflow"/>
                <edoras-vis:property key="xmltag" value="SequenceFlow"/>
                <edoras-vis:property key="name" value=""/>
            </extensionElements>
        </sequenceFlow>
        <sequenceFlow id="cloudsequenceflow2" isImmediate="false" sourceRef="cloudformtask1" targetRef="cloudexclusivedatabasedgateway1">
            <extensionElements>
                <signavio:signavioLabel ref="text_name"
                                        styles="{&quot;size&quot;:&quot;12&quot;,&quot;bold&quot;:false,&quot;fill&quot;:&quot;#000000&quot;,&quot;italic&quot;:false}"/>
                <edoras:property key="i18n.en.name" value=""/>
                <edoras-vis:property key="notes" value=""/>
                <edoras-vis:property key="conditiontype" value="None"/>
                <edoras-vis:property key="isimmediate" value="false"/>
                <edoras-vis:property key="fontsize" value=""/>
                <edoras-vis:property key="genericproperty" value=""/>
                <edoras-vis:property key="stencilsuperids" value="[&quot;SequenceFlow&quot;]"/>
                <edoras-vis:property key="name_en_us" value=""/>
                <edoras-vis:property key="fontweight" value=""/>
                <edoras-vis:property key="fontstyle" value=""/>
                <edoras-vis:property key="fontcolor" value=""/>
                <edoras-vis:property key="stencilsuperid" value="SequenceFlow"/>
                <edoras-vis:property key="id" value="cloudsequenceflow2"/>
                <edoras-vis:property key="showdiamondmarker" value="false"/>
                <edoras-vis:property key="name_i18n-key" value=""/>
                <edoras-vis:property key="stencilid" value="cloudsequenceflow"/>
                <edoras-vis:property key="customstencil" value="true"/>
                <edoras-vis:property key="documentation" value=""/>
                <edoras-vis:property key="name-run" value=""/>
                <edoras-vis:property key="conditionexpression" value=""/>
                <edoras-vis:property key="name_en_us-run" value=""/>
                <edoras-vis:property key="customnamespace" value="http://b3mn.org/stencilset/default.flowable.process.palette.xml#"/>
                <edoras-vis:property key="bordercolor" value="#000000"/>
                <edoras-vis:property key="oldresourceid" value=""/>
                <edoras-vis:property key="bgcolor" value="#ffffff"/>
                <edoras-vis:property key="customstencilid" value="cloudsequenceflow"/>
                <edoras-vis:property key="xmltag" value="SequenceFlow"/>
                <edoras-vis:property key="name" value=""/>
            </extensionElements>
        </sequenceFlow>
        <sequenceFlow id="cloudsequenceflow3" isImmediate="false" name="yes" sourceRef="cloudexclusivedatabasedgateway1" targetRef="cloudservicetask1">
            <extensionElements>
                <signavio:signavioLabel ref="text_name"
                                        styles="{&quot;size&quot;:&quot;12&quot;,&quot;bold&quot;:false,&quot;fill&quot;:&quot;#000000&quot;,&quot;italic&quot;:false}"/>
                <edoras:property key="i18n.en.name" value="yes"/>
                <edoras-vis:property key="notes" value=""/>
                <edoras-vis:property key="conditiontype" value="None"/>
                <edoras-vis:property key="isimmediate" value="false"/>
                <edoras-vis:property key="fontsize" value=""/>
                <edoras-vis:property key="genericproperty" value=""/>
                <edoras-vis:property key="stencilsuperids" value="[&quot;SequenceFlow&quot;]"/>
                <edoras-vis:property key="name_en_us" value="yes"/>
                <edoras-vis:property key="fontweight" value=""/>
                <edoras-vis:property key="fontstyle" value=""/>
                <edoras-vis:property key="fontcolor" value=""/>
                <edoras-vis:property key="stencilsuperid" value="SequenceFlow"/>
                <edoras-vis:property key="id" value="cloudsequenceflow3"/>
                <edoras-vis:property key="showdiamondmarker" value="false"/>
                <edoras-vis:property key="name_i18n-key" value=""/>
                <edoras-vis:property key="stencilid" value="cloudsequenceflow"/>
                <edoras-vis:property key="customstencil" value="true"/>
                <edoras-vis:property key="documentation" value=""/>
                <edoras-vis:property key="name-run" value=""/>
                <edoras-vis:property key="conditionexpression" value="#{changeApproved}"/>
                <edoras-vis:property key="name_en_us-run" value=""/>
                <edoras-vis:property key="customnamespace" value="http://b3mn.org/stencilset/default.flowable.process.palette.xml#"/>
                <edoras-vis:property key="bordercolor" value="#000000"/>
                <edoras-vis:property key="oldresourceid" value=""/>
                <edoras-vis:property key="bgcolor" value="#ffffff"/>
                <edoras-vis:property key="customstencilid" value="cloudsequenceflow"/>
                <edoras-vis:property key="xmltag" value="SequenceFlow"/>
                <edoras-vis:property key="name" value="yes"/>
            </extensionElements>
            <conditionExpression id="cloudsequenceflow3_formalExpression1" xsi:type="tFormalExpression">#{changeApproved}</conditionExpression>
        </sequenceFlow>
        <sequenceFlow id="cloudsequenceflow4" isImmediate="false" sourceRef="cloudservicetask1" targetRef="cloudendnoneevent1">
            <extensionElements>
                <signavio:signavioLabel ref="text_name"
                                        styles="{&quot;size&quot;:&quot;12&quot;,&quot;bold&quot;:false,&quot;fill&quot;:&quot;#000000&quot;,&quot;italic&quot;:false}"/>
                <edoras:property key="i18n.en.name" value=""/>
                <edoras-vis:property key="notes" value=""/>
                <edoras-vis:property key="conditiontype" value="None"/>
                <edoras-vis:property key="isimmediate" value="false"/>
                <edoras-vis:property key="fontsize" value=""/>
                <edoras-vis:property key="genericproperty" value=""/>
                <edoras-vis:property key="stencilsuperids" value="[&quot;SequenceFlow&quot;]"/>
                <edoras-vis:property key="name_en_us" value=""/>
                <edoras-vis:property key="fontweight" value=""/>
                <edoras-vis:property key="fontstyle" value=""/>
                <edoras-vis:property key="fontcolor" value=""/>
                <edoras-vis:property key="stencilsuperid" value="SequenceFlow"/>
                <edoras-vis:property key="id" value="cloudsequenceflow4"/>
                <edoras-vis:property key="showdiamondmarker" value="false"/>
                <edoras-vis:property key="name_i18n-key" value=""/>
                <edoras-vis:property key="stencilid" value="cloudsequenceflow"/>
                <edoras-vis:property key="customstencil" value="true"/>
                <edoras-vis:property key="documentation" value=""/>
                <edoras-vis:property key="name-run" value=""/>
                <edoras-vis:property key="conditionexpression" value=""/>
                <edoras-vis:property key="name_en_us-run" value=""/>
                <edoras-vis:property key="customnamespace" value="http://b3mn.org/stencilset/default.flowable.process.palette.xml#"/>
                <edoras-vis:property key="bordercolor" value="#000000"/>
                <edoras-vis:property key="oldresourceid" value=""/>
                <edoras-vis:property key="bgcolor" value="#ffffff"/>
                <edoras-vis:property key="customstencilid" value="cloudsequenceflow"/>
                <edoras-vis:property key="xmltag" value="SequenceFlow"/>
                <edoras-vis:property key="name" value=""/>
            </extensionElements>
        </sequenceFlow>
        <sequenceFlow id="cloudsequenceflow5" isImmediate="false" name="no" sourceRef="cloudexclusivedatabasedgateway1" targetRef="cloudendnoneevent2">
            <extensionElements>
                <signavio:signavioLabel ref="text_name"
                                        styles="{&quot;size&quot;:&quot;12&quot;,&quot;bold&quot;:false,&quot;fill&quot;:&quot;#000000&quot;,&quot;italic&quot;:false}"/>
                <edoras:property key="i18n.en.name" value="no"/>
                <edoras-vis:property key="notes" value=""/>
                <edoras-vis:property key="conditiontype" value="None"/>
                <edoras-vis:property key="isimmediate" value="false"/>
                <edoras-vis:property key="fontsize" value=""/>
                <edoras-vis:property key="genericproperty" value=""/>
                <edoras-vis:property key="stencilsuperids" value="[&quot;SequenceFlow&quot;]"/>
                <edoras-vis:property key="name_en_us" value="no"/>
                <edoras-vis:property key="fontweight" value=""/>
                <edoras-vis:property key="fontstyle" value=""/>
                <edoras-vis:property key="fontcolor" value=""/>
                <edoras-vis:property key="stencilsuperid" value="SequenceFlow"/>
                <edoras-vis:property key="id" value="cloudsequenceflow5"/>
                <edoras-vis:property key="showdiamondmarker" value="false"/>
                <edoras-vis:property key="name_i18n-key" value=""/>
                <edoras-vis:property key="stencilid" value="cloudsequenceflow"/>
                <edoras-vis:property key="customstencil" value="true"/>
                <edoras-vis:property key="documentation" value=""/>
                <edoras-vis:property key="name-run" value=""/>
                <edoras-vis:property key="conditionexpression" value="#{!changeApproved}"/>
                <edoras-vis:property key="name_en_us-run" value=""/>
                <edoras-vis:property key="customnamespace" value="http://b3mn.org/stencilset/default.flowable.process.palette.xml#"/>
                <edoras-vis:property key="bordercolor" value="#000000"/>
                <edoras-vis:property key="oldresourceid" value=""/>
                <edoras-vis:property key="bgcolor" value="#ffffff"/>
                <edoras-vis:property key="customstencilid" value="cloudsequenceflow"/>
                <edoras-vis:property key="xmltag" value="SequenceFlow"/>
                <edoras-vis:property key="name" value="no"/>
            </extensionElements>
            <conditionExpression id="cloudsequenceflow5_formalExpression1" xsi:type="tFormalExpression">#{!changeApproved}</conditionExpression>
        </sequenceFlow>
    </process>
    <collaboration id="collaboration1">
        <participant id="cloudpool1" name="TM-P01 Template Change Approval Process" processRef="PROCESS_MODEL-7de1260c-f18d-4e73-af95-11363710472c">
            <extensionElements>
                <signavio:signavioLabel ref="text_name"
                                        styles="{&quot;size&quot;:&quot;12&quot;,&quot;bold&quot;:false,&quot;fill&quot;:&quot;#000000&quot;,&quot;italic&quot;:false}"/>
                <edoras:property key="i18n.en.name" value="TM-P01 Template Change Approval Process"/>
                <edoras:property key="orientation" value="horizontal"/>
                <edoras-vis:property key="notes" value=""/>
                <edoras-vis:property key="fontsize" value=""/>
                <edoras-vis:property key="isexecutable" value="true"/>
                <edoras-vis:property key="genericproperty" value=""/>
                <edoras-vis:property key="boundaryvisible" value="true"/>
                <edoras-vis:property key="stencilsuperids" value="[&quot;Pool&quot;]"/>
                <edoras-vis:property key="name_en_us" value="TM-P01 Template Change Approval Process"/>
                <edoras-vis:property key="fontweight" value=""/>
                <edoras-vis:property key="fontstyle" value=""/>
                <edoras-vis:property key="fontcolor" value=""/>
                <edoras-vis:property key="stencilsuperid" value="Pool"/>
                <edoras-vis:property key="id" value="cloudpool1"/>
                <edoras-vis:property key="name_i18n-key" value=""/>
                <edoras-vis:property key="stencilid" value="cloudpool"/>
                <edoras-vis:property key="orientation" value="horizontal"/>
                <edoras-vis:property key="customstencil" value="true"/>
                <edoras-vis:property key="documentation" value=""/>
                <edoras-vis:property key="processidentifier" value=""/>
                <edoras-vis:property key="name-run" value=""/>
                <edoras-vis:property key="multiinstance" value="false"/>
                <edoras-vis:property key="name_en_us-run" value=""/>
                <edoras-vis:property key="customnamespace" value="http://b3mn.org/stencilset/default.flowable.process.palette.xml#"/>
                <edoras-vis:property key="bordercolor" value="#C0C0C0"/>
                <edoras-vis:property key="oldresourceid" value=""/>
                <edoras-vis:property key="bgcolor" value="#ffffff"/>
                <edoras-vis:property key="customstencilid" value="cloudpool"/>
                <edoras-vis:property key="xmltag" value="Pool"/>
                <edoras-vis:property key="name" value="TM-P01 Template Change Approval Process"/>
                <edoras-vis:property key="maximum" value="2"/>
                <edoras-vis:property key="minimum" value="2"/>
            </extensionElements>
        </participant>
    </collaboration>
    <bpmndi:BPMNDiagram id="bpmndiagram1">
        <bpmndi:BPMNPlane bpmnElement="collaboration1" id="bpmnplane1">
            <bpmndi:BPMNShape bpmnElement="cloudlane1" id="cloudlane1_gui" isHorizontal="true">
                <omgdc:Bounds height="330.0" width="690.0" x="92.0" y="49.0"/>
            </bpmndi:BPMNShape>
            <bpmndi:BPMNShape bpmnElement="cloudstartnoneevent2" id="cloudstartnoneevent2_gui">
                <omgdc:Bounds height="30.0" width="30.0" x="149.0" y="157.0"/>
            </bpmndi:BPMNShape>
            <bpmndi:BPMNShape bpmnElement="cloudformtask1" id="cloudformtask1_gui">
                <omgdc:Bounds height="80.0" width="100.0" x="224.0" y="132.0"/>
            </bpmndi:BPMNShape>
            <bpmndi:BPMNShape bpmnElement="cloudexclusivedatabasedgateway1" id="cloudexclusivedatabasedgateway1_gui" isMarkerVisible="true">
                <omgdc:Bounds height="40.0" width="40.0" x="369.0" y="152.0"/>
            </bpmndi:BPMNShape>
            <bpmndi:BPMNShape bpmnElement="cloudservicetask1" id="cloudservicetask1_gui">
                <omgdc:Bounds height="80.0" width="100.0" x="533.0" y="132.0"/>
            </bpmndi:BPMNShape>
            <bpmndi:BPMNShape bpmnElement="cloudendnoneevent1" id="cloudendnoneevent1_gui">
                <omgdc:Bounds height="28.0" width="28.0" x="678.0" y="158.0"/>
            </bpmndi:BPMNShape>
            <bpmndi:BPMNShape bpmnElement="cloudendnoneevent2" id="cloudendnoneevent2_gui">
                <omgdc:Bounds height="28.0" width="28.0" x="678.0" y="293.0"/>
            </bpmndi:BPMNShape>
            <bpmndi:BPMNShape bpmnElement="cloudpool1" id="cloudpool1_gui" isHorizontal="true">
                <omgdc:Bounds height="330.0" width="720.0" x="62.0" y="49.0"/>
            </bpmndi:BPMNShape>
            <bpmndi:BPMNEdge bpmnElement="cloudsequenceflow2" id="cloudsequenceflow2_gui">
                <omgdi:waypoint x="324.0" y="172.0"/>
                <omgdi:waypoint x="369.0" y="172.0"/>
            </bpmndi:BPMNEdge>
            <bpmndi:BPMNEdge bpmnElement="cloudsequenceflow3" id="cloudsequenceflow3_gui">
                <omgdi:waypoint x="409.0" y="172.0"/>
                <omgdi:waypoint x="533.0" y="172.0"/>
            </bpmndi:BPMNEdge>
            <bpmndi:BPMNEdge bpmnElement="cloudsequenceflow1" id="cloudsequenceflow1_gui">
                <omgdi:waypoint x="179.0" y="172.0"/>
                <omgdi:waypoint x="224.0" y="172.0"/>
            </bpmndi:BPMNEdge>
            <bpmndi:BPMNEdge bpmnElement="cloudsequenceflow4" id="cloudsequenceflow4_gui">
                <omgdi:waypoint x="633.0" y="172.0"/>
                <omgdi:waypoint x="678.0" y="172.0"/>
            </bpmndi:BPMNEdge>
            <bpmndi:BPMNEdge bpmnElement="cloudsequenceflow5" id="cloudsequenceflow5_gui">
                <omgdi:waypoint x="389.0" y="192.0"/>
                <omgdi:waypoint x="389.5" y="307.0"/>
                <omgdi:waypoint x="678.0" y="307.0"/>
            </bpmndi:BPMNEdge>
        </bpmndi:BPMNPlane>
    </bpmndi:BPMNDiagram>
</definitions>
