{
  "C6U-SYSTEM-ADMINISTRATION": [
    "ubs-system-admin"
  ],
  "C6U-BUSINESS-ADMINISTRATION": [
    "ubs-business-admin"
  ],
  "C6U-COMPLIANCE-ACCESS": [
    "user-compliance"
  ],
  "C6U-REPORTING": [
    "user-reporting"
  ],
  "C6U-USER-MANAGEMENT": [
    "user-operator"
  ],
  "C6U-CLIENT-CONVERSATIONS": [
    "user-client-advisor"
  ],
  "C6U-DCI-TECHUSER": [
    "user-admin"
  ],
  "C6U-SYSTEM-SUPPORT": [
    "ubs-system-supporter"
  ],
  "C6U-SYSTEM-ADMINISTRATION_046": [
    "ubs-system-admin"
  ],
  "C6U-BUSINESS-ADMINISTRATION_046": [
    "ubs-business-admin"
  ],
  "C6U-COMPLIANCE-ACCESS_046": [
    "user-compliance"
  ],
  "C6U-REPORTING_046": [
    "user-reporting"
  ],
  "C6U-USER-MANAGEMENT_046": [
    "user-operator"
  ],
  "C6U-CLIENT-CONVERSATIONS_046": [
    "user-client-advisor"
  ],
  "C6U-SYSTEM-SUPPORT_046": [
    "ubs-system-supporter"
  ]
}
